1,com
2,org
3,net
4,googleapis.com
5,io
6,tv
7,s3.amazonaws.com
8,co
9,elb.amazonaws.com
10,ru
11,de
12,uk
13,appspot.com
14,me
15,co.uk
16,cn
17,us
18,jp
19,fr
20,info
21,fi
22,br
23,it
24,com.br
25,gov
26,ly
27,ca
28,map.fastly.net
29,mobi
30,pl
31,tumblr.com
32,ms
33,to
34,eu
35,us-east-1.amazonaws.com
36,cloudapp.net
37,in
38,fastlylb.net
39,map.fastlylb.net
40,global.ssl.fastly.net
41,blogspot.com
42,biz
43,tr
44,es
45,ua
46,edu
47,com.tr
48,au
49,nl
50,elasticbeanstalk.com
51,com.au
52,azurewebsites.net
53,news
54,gl
55,link
56,kr
57,ad
58,be
59,mx
60,cc
61,vn
62,ch
63,com.cn
64,s3-us-west-2.amazonaws.com
65,s3-eu-west-1.amazonaws.com
66,co.kr
67,se
68,co.jp
69,cz
70,bid
71,club
72,com.mx
73,co.in
74,xyz
75,st
76,tech
77,ar
78,online
79,herokuapp.com
80,com.ua
81,arpa
82,com.ar
83,nz
84,im
85,com.vn
86,am
87,co.nz
88,tw
89,rsc.cdn77.org
90,sg
91,gov.br
92,dk
93,asia
94,at
95,co.za
96,dyndns.org
97,com.tw
98,ws
99,pro
100,tk
101,gg
102,hk
103,pt
104,fm
105,my
106,pw
107,media
108,ie
109,githubusercontent.com
110,global.prod.fastly.net
111,no
112,sx
113,gr
114,th
115,network
116,github.io
117,ir
118,com.hk
119,id
120,com.sg
121,ro
122,su
123,cl
124,co.th
125,name
126,la
127,site
128,top
129,ph
130,vc
131,cm
132,com.my
133,is
134,org.uk
135,exchange
136,hu
137,li
138,ag
139,co.id
140,jobs
141,org.cn
142,pe
143,lt
144,tc
145,ec
146,gt
147,ai
148,video
149,il
150,s3.dualstack.eu-west-1.amazonaws.com
151,a.ssl.fastly.net
152,sk
153,digital
154,org.br
155,s3-us-west-1.amazonaws.com
156,com.co
157,report
158,co.il
159,eg
160,ae
161,ne.jp
162,googlecode.com
163,al
164,com.eg
165,s3.eu-central-1.amazonaws.com
166,s3-website-us-east-1.amazonaws.com
167,host
168,space
169,net.uk
170,bz
171,re
172,click
173,ac.uk
174,dz
175,ve
176,gov.tr
177,lu
178,net.br
179,gov.uk
180,a.prod.fastly.net
181,com.pe
182,com.ph
183,com.ec
184,watch
185,men
186,rocks
187,nu
188,email
189,mil
190,do
191,pn
192,sh
193,s3-sa-east-1.amazonaws.com
194,ddns.net
195,md
196,works
197,pk
198,kz
199,cloud
200,rs
201,bg
202,com.ru
203,by
204,hr
205,uy
206,net.ua
207,tt
208,blogspot.com.br
209,website
210,pub
211,gh
212,cx
213,com.gh
214,today
215,hn
216,s3-ap-southeast-1.amazonaws.com
217,com.uy
218,int
219,xxx
220,com.pl
221,edu.cn
222,co.ve
223,cr
224,gdn
225,si
226,lv
227,win
228,services
229,gov.cn
230,blog.br
231,net.cn
232,ml
233,ovh
234,com.pk
235,s3-external-1.amazonaws.com
236,gov.in
237,com.ve
238,net.au
239,sa
240,bradesco
241,pr
242,gob.mx
243,live
244,ga
245,ee
246,gs
247,run
248,ac
249,guru
250,com.do
251,life
252,cat
253,bo
254,edu.tr
255,as
256,s3-website-eu-west-1.amazonaws.com
257,so
258,edu.au
259,herokussl.com
260,world
261,gc.ca
262,sc
263,com.sa
264,tx.us
265,systems
266,agency
267,no-ip.org
268,travel
269,edu.br
270,com.pr
271,tl
272,software
273,in.ua
274,org.tr
275,gov.it
276,ma
277,firebaseapp.com
278,or.us
279,com.es
280,mt
281,download
282,gy
283,qc.ca
284,ba
285,pa
286,zapto.org
287,ge
288,store
289,ng
290,stream
291,gov.vn
292,aero
293,c.cdn77.org
294,py
295,elb.amazonaws.com.cn
296,org.ua
297,lk
298,sv
299,net.id
300,or.jp
301,com.pa
302,s3-website-us-west-2.amazonaws.com
303,nic.in
304,gob.ar
305,nhs.uk
306,kiev.ua
307,jus.br
308,org.au
309,com.gt
310,gov.ar
311,gov.au
312,ke
313,de.com
314,gold
315,af
316,qa
317,org.mx
318,net.vn
319,mn
320,plus
321,sinaapp.com
322,myqnapcloud.com
323,ca.us
324,coop
325,com.py
326,ac.in
327,xn--p1ai
328,edu.vn
329,k12.or.us
330,blogspot.co.uk
331,pm
332,in-addr.arpa
333,com.sv
334,party
335,org.ar
336,tips
337,tn
338,solutions
339,in.th
340,work
341,om
342,mu
343,one
344,help
345,gen.tr
346,uk.com
347,zone
348,rhcloud.com
349,org.ec
350,az
351,mus.br
352,eu.com
353,gouv.fr
354,s3-ap-southeast-2.amazonaws.com
355,edu.co
356,uz
357,fl.us
358,on.ca
359,ug
360,go.id
361,com.af
362,cf
363,blogspot.in
364,blogspot.ca
365,service.gov.uk
366,mp
367,com.bo
368,net.co
369,nyc
370,ac.jp
371,technology
372,bd
373,s3-ap-northeast-1.amazonaws.com
374,mn.us
375,ad.jp
376,box
377,blogspot.com.es
378,net.ae
379,press
380,ninja
381,cd
382,com.gr
383,trade
384,iq
385,com.ng
386,kh
387,net.mx
388,cy
389,com.pt
390,cool
391,or.kr
392,ki
393,pantheonsite.io
394,science
395,gov.hk
396,center
397,co.cr
398,blogspot.com.tr
399,ind.br
400,vip
401,blogspot.it
402,blogspot.mx
403,ac.id
404,ni
405,gov.tw
406,net.tr
407,city
408,bar
409,gov.ua
410,us.com
411,sch.uk
412,net.pl
413,co.hu
414,pa.us
415,gov.co
416,moe
417,kg
418,np
419,wiki
420,adult
421,ny.us
422,lb
423,dyndns.tv
424,mk
425,no-ip.biz
426,tj
427,mz
428,ac.th
429,org.mt
430,nj.us
431,ps
432,cu
433,com.cy
434,mine.nu
435,management
436,edu.ar
437,ao
438,duckdns.org
439,zw
440,withgoogle.com
441,ac.at
442,mi.us
443,net.in
444,net.nz
445,org.in
446,oh.us
447,tm
448,edu.tw
449,mg
450,jo
451,bc.ca
452,blogspot.com.ar
453,wi.us
454,global
455,withyoutube.com
456,com.mt
457,s3-website-us-west-1.amazonaws.com
458,date
459,apps.fbsbx.com
460,gov.my
461,org.il
462,caltanissetta.it
463,spb.ru
464,nc.us
465,b.br
466,ac.kr
467,edu.mx
468,google
469,porn
470,k12.ca.us
471,kw
472,com.ni
473,ma.us
474,edu.hk
475,nc
476,homeip.net
477,me.uk
478,sm
479,ga.us
480,inf.br
481,bloxcms.com
482,org.za
483,blogspot.fr
484,gq
485,sytes.net
486,go.th
487,edu.pl
488,s3-eu-central-1.amazonaws.com
489,s3.us-east-2.amazonaws.com
490,co.zw
491,chat
492,edu.pe
493,tf
494,blogspot.co.id
495,net.il
496,com.lb
497,ac.ir
498,red
499,nf
500,dnsalias.com
501,gd
502,gob.ec
503,no-ip.info
504,il.us
505,yt
506,webcam
507,org.nz
508,blog
509,dn.ua
510,edu.in
511,net.my
512,gob.pe
513,s3-website-sa-east-1.amazonaws.com
514,adv.br
515,va.us
516,bw
517,cricket
518,dp.ua
519,eu.org
520,fo
521,blogspot.de
522,cv
523,bh
524,ac.nz
525,sn
526,review
527,net.qa
528,games
529,ci
530,tz
531,ac.za
532,org.vn
533,ac.il
534,hopto.org
535,in.us
536,co.ug
537,events
538,bb
539,ooo
540,social
541,bm
542,ab.ca
543,blogspot.com.au
544,org.co
545,com.hn
546,gob.ve
547,org.tw
548,ne
549,go.jp
550,co.us
551,vg
552,net.tw
553,cechire.com
554,fun
555,blogspot.ru
556,blogspot.nl
557,org.pl
558,redirectme.net
559,tools
560,bs
561,dyndns.biz
562,buzz
563,support
564,pics
565,delivery
566,com.bz
567,uno
568,wf
569,edu.my
570,s3.ap-south-1.amazonaws.com
571,sexy
572,ia.us
573,bi
574,homedns.org
575,md.us
576,pp.ua
577,org.pe
578,co.at
579,blogspot.pt
580,uk.net
581,msk.ru
582,blogspot.my
583,web.id
584,wa.us
585,blogspot.com.eg
586,sex
587,net.ar
588,jm
589,s3-website.eu-central-1.amazonaws.com
590,company
591,dyndns.info
592,go.kr
593,globo
594,co.tz
595,s3-website-ap-southeast-1.amazonaws.com
596,or.th
597,azure-mobile.net
598,com.bh
599,va
600,yahoo
601,ac.cn
602,co.bw
603,com.qa
604,edu.ec
605,police.uk
606,k12.wi.us
607,edu.sg
608,gob.es
609,zm
610,ltd.uk
611,vu
612,bel.tr
613,gov.ru
614,london
615,org.hk
616,gratis
617,waw.pl
618,srv.br
619,serveminecraft.net
620,ink
621,or.id
622,vn.ua
623,ist
624,na
625,b.ssl.fastly.net
626,bn
627,ht
628,group
629,design
630,getmyip.com
631,post
632,racing
633,tv.br
634,gr.jp
635,zp.ua
636,net.pk
637,gov.za
638,s3.eu-west-2.amazonaws.com
639,com.mk
640,od.ua
641,asso.fr
642,k12.ga.us
643,k12.fl.us
644,s3-website-ap-northeast-1.amazonaws.com
645,money
646,mb.ca
647,audio
648,gov.ph
649,mc
650,c66.me
651,bet
652,dev
653,mo
654,mo.us
655,lol
656,gov.sa
657,org.eg
658,fj
659,edu.sa
660,kim
661,ac.cr
662,ac.rs
663,hotmail
664,k12.in.us
665,freetls.fastly.net
666,gi
667,direct
668,gov.sg
669,blogspot.com.co
670,art.br
671,co.mz
672,photo
673,com.hr
674,k12.mi.us
675,co.ua
676,wtf
677,govt.nz
678,cloudfunctions.net
679,co.ao
680,coop.br
681,deals
682,s3-ap-south-1.amazonaws.com
683,k12.oh.us
684,ac.be
685,kicks-ass.net
686,id.au
687,scot
688,k12.nc.us
689,noip.me
690,ren
691,org.es
692,camp
693,cn.com
694,synology.me
695,web.tr
696,ath.cx
697,blue
698,loan
699,ky
700,edu.ua
701,eng.br
702,dm
703,gx.cn
704,co.ma
705,co.tt
706,blogspot.pe
707,cash
708,k12.va.us
709,blogspot.gr
710,info.pl
711,et
712,org.sg
713,vic.gov.au
714,sh.cn
715,pharmacy
716,shop
717,kharkov.ua
718,ns.ca
719,vic.edu.au
720,tur.br
721,dj
722,eti.br
723,lc
724,gov.pl
725,al.us
726,gov.il
727,pro.br
728,ms.us
729,expert
730,edu.ph
731,com.ge
732,k12.nj.us
733,je
734,academy
735,com.de
736,eus
737,kommune.no
738,gov.eg
739,mm
740,az.us
741,lviv.ua
742,nv.us
743,noip.us
744,k12.mn.us
745,edu.pk
746,go.cr
747,k12.mo.us
748,net.sa
749,net.hk
750,mp.br
751,pf
752,org.ve
753,sap
754,gv.at
755,med.br
756,poznan.pl
757,leg.br
758,directory
759,land
760,guide
761,co.zm
762,ddns.me
763,sc.us
764,org.my
765,k12.pa.us
766,blogspot.jp
767,mv
768,sr
769,ct.us
770,hosting
771,ltd
772,net.ve
773,faith
774,app
775,wang
776,me.us
777,co.it
778,aol
779,realtor
780,museum
781,la.us
782,pg
783,yolasite.com
784,sy
785,hm
786,org.pk
787,k12.tr
788,church
789,com.tn
790,rip
791,com.vc
792,diamonds
793,krakow.pl
794,love
795,education
796,qld.gov.au
797,blogspot.sg
798,rest
799,berlin
800,mil.br
801,kh.ua
802,tube
803,edu.ve
804,asn.au
805,com.mo
806,com.na
807,re.it
808,black
809,psi.br
810,ar.us
811,gp
812,ind.in
813,rw
814,sch.id
815,k12.il.us
816,gda.pl
817,com.jo
818,photography
819,k12.ny.us
820,toscana.it
821,fed.us
822,blogspot.se
823,gov.pt
824,reviews
825,edu.uy
826,cam
827,sk.ca
828,nm.us
829,gov.ae
830,ok.us
831,biz.vn
832,biz.ua
833,careers
834,uol
835,goo
836,re.kr
837,mw
838,k12.ia.us
839,lg.ua
840,bf
841,dyndns.ws
842,gob.cl
843,community
844,dvrdns.org
845,art
846,lombardia.it
847,com.al
848,in.net
849,com.ro
850,vlog.br
851,bank
852,br.com
853,k12.ma.us
854,platform.sh
855,nsw.edu.au
856,ac.ug
857,ks.ua
858,blogspot.be
859,vi
860,nh.us
861,sd
862,accountant
863,biz.id
864,photos
865,lat
866,gov.pk
867,de.us
868,bio
869,cisco
870,marketing
871,blogspot.ro
872,tg
873,ru.com
874,za.net
875,blogspot.tw
876,gm
877,gallery
878,market
879,bo.it
880,cnt.br
881,dreamhosters.com
882,milano.it
883,wroc.pl
884,dynns.com
885,res.in
886,hopto.me
887,team
888,wa.gov.au
889,international
890,mi.it
891,bg.it
892,com.ly
893,net.lb
894,bz.it
895,myfritz.net
896,studio
897,farm
898,org.bo
899,net.sg
900,edu.eg
901,tn.us
902,gob.sv
903,roma.it
904,szczecin.pl
905,xn--6frz82g
906,servehttp.com
907,sl
908,to.it
909,k12.me.us
910,net.eg
911,org.uy
912,sky
913,org.sa
914,net.mk
915,servegame.com
916,bike
917,arq.br
918,blogspot.co.il
919,blogspot.cl
920,care
921,pink
922,fi.cr
923,gotdns.com
924,no-ip.net
925,gub.uy
926,tokyo
927,nr
928,ac.ae
929,fin.ec
930,net.do
931,ac.ru
932,sz
933,opole.pl
934,bplaced.net
935,s3.ap-northeast-2.amazonaws.com
936,ky.us
937,if.ua
938,eco.br
939,blogspot.ch
940,blogspot.ie
941,sale
942,vs.it
943,org.pt
944,wy.us
945,ut.us
946,co.mu
947,bit
948,fit
949,km.ua
950,katowice.pl
951,k12.sc.us
952,pictures
953,gov.ng
954,bt
955,loginto.me
956,school.nz
957,servebeer.com
958,k12.wa.us
959,aws
960,co.om
961,odessa.ua
962,mi.th
963,wa.edu.au
964,ak.us
965,business
966,bologna.it
967,edu.ru
968,cci.fr
969,biz.pl
970,r.cdn77.net
971,org.ph
972,art.pl
973,poker
974,pl.ua
975,s3-website-ap-southeast-2.amazonaws.com
976,org.gt
977,or.at
978,onl
979,bs.it
980,movie
981,ax
982,k12.co.us
983,onion
984,veneto.it
985,co.com
986,k12.ar.us
987,com.om
988,fvg.it
989,xn--j1amh
990,olsztyn.pl
991,dnsalias.net
992,id.us
993,kiwi
994,wroclaw.pl
995,fyi
996,org.zw
997,co.rs
998,bnpparibas
999,football
1000,tm.fr
1001,plc.uk
1002,adm.br
1003,tn.it
1004,sumy.ua
1005,blogspot.no
1006,idv.tw
1007,aw
1008,co.ir
1009,ls
1010,webhop.org
1011,cv.ua
1012,te.ua
1013,co.cz
1014,codes
1015,gov.ve
1016,myvnc.com
1017,ed.jp
1018,show
1019,sa.gov.au
1020,jor.br
1021,gob.pa
1022,serveftp.com
1023,edu.ng
1024,av.tr
1025,wmflabs.org
1026,shiksha
1027,blogspot.co.nz
1028,selfip.com
1029,nb.ca
1030,gov.gr
1031,cw
1032,piemonte.it
1033,now.sh
1034,blogspot.hu
1035,net.mt
1036,energy
1037,org.ng
1038,g12.br
1039,org.py
1040,bj
1041,s3.cn-north-1.amazonaws.com.cn
1042,tj.cn
1043,nf.ca
1044,com.fr
1045,gov.ie
1046,gal
1047,s3.dualstack.sa-east-1.amazonaws.com
1048,med.ec
1049,3utilities.com
1050,blogspot.dk
1051,fi.it
1052,ac.cy
1053,k12.de.us
1054,slupsk.pl
1055,house
1056,na.it
1057,cu.cc
1058,js.org
1059,blogspot.fi
1060,gouv.ci
1061,k12.az.us
1062,gb.com
1063,mk.ua
1064,sd.us
1065,myftp.org
1066,net.ph
1067,rzeszow.pl
1068,ks.us
1069,net.pe
1070,applinzi.com
1071,blogspot.hk
1072,net.ma
1073,k12.ct.us
1074,dyndns-ip.com
1075,gov.tt
1076,edu.gh
1077,tur.ar
1078,gob.do
1079,blogspot.ae
1080,cafe
1081,k12.tx.us
1082,info.tr
1083,gd.cn
1084,prod
1085,cc.ca.us
1086,pe.ca
1087,blogspot.cz
1088,edu.lb
1089,us.org
1090,null
1091,blogspot.kr
1092,suwalki.pl
1093,training
1094,k12.ok.us
1095,bydgoszcz.pl
1096,fe.it
1097,edu.do
1098,gov.do
1099,sicilia.it
1100,ck.ua
1101,org.rs
1102,ln.cn
1103,net.ec
1104,nfshost.com
1105,rv.ua
1106,vt.us
1107,ne.us
1108,qld.edu.au
1109,gob.bo
1110,lib.in.us
1111,dynalias.com
1112,radom.pl
1113,lezajsk.pl
1114,desi
1115,off
1116,maori.nz
1117,com.cu
1118,ads
1119,biz.tr
1120,paris
1121,moscow
1122,army
1123,k12.la.us
1124,mr
1125,webhop.net
1126,barclays
1127,bedzin.pl
1128,game
1129,lg.jp
1130,com.by
1131,com.mv
1132,film
1133,serveftp.net
1134,mt.us
1135,sb
1136,dynv6.net
1137,cab
1138,istanbul
1139,wv.us
1140,gob.gt
1141,ha.cn
1142,k12.ms.us
1143,gift
1144,ra.it
1145,best
1146,ac.lk
1147,band
1148,napoli.it
1149,tv.tr
1150,ustka.pl
1151,vi.it
1152,grajewo.pl
1153,zgora.pl
1154,k12.al.us
1155,ddnsking.com
1156,school
1157,taxi
1158,amsterdam
1159,co.ni
1160,ck
1161,bzh
1162,ac.tz
1163,wales
1164,discount
1165,s3-website.us-east-2.amazonaws.com
1166,com.et
1167,graphics
1168,tel
1169,homelinux.org
1170,sklep.pl
1171,net.ba
1172,k12.ky.us
1173,dog
1174,gov.py
1175,swinoujscie.pl
1176,emilia-romagna.it
1177,net.za
1178,cg
1179,space-to-rent.com
1180,foundation
1181,express
1182,org.do
1183,co.ls
1184,menu
1185,cn.ua
1186,med.sa
1187,ac.ma
1188,place
1189,s3.dualstack.eu-central-1.amazonaws.com
1190,warszawa.pl
1191,better-than.tv
1192,vegas
1193,nl.ca
1194,wolomin.pl
1195,esp.br
1196,garden
1197,net.ni
1198,com.bs
1199,edu.gr
1200,edu.gt
1201,pe.kr
1202,er
1203,quebec
1204,golf
1205,gov.gi
1206,olawa.pl
1207,kr.ua
1208,blogspot.co.at
1209,edu.ni
1210,build
1211,coffee
1212,ac.zw
1213,ne.kr
1214,torino.it
1215,co.sz
1216,hi.us
1217,nd.us
1218,capital
1219,law
1220,com.kz
1221,homelinux.com
1222,s3.dualstack.ap-northeast-1.amazonaws.com
1223,s3.dualstack.us-east-1.amazonaws.com
1224,gov.lk
1225,gov.qa
1226,vet
1227,zagan.pl
1228,how
1229,or.tz
1230,k12.wy.us
1231,mo.it
1232,pi.it
1233,konin.pl
1234,sa.it
1235,ap.it
1236,bounceme.net
1237,sardegna.it
1238,agr.br
1239,jp.net
1240,domains
1241,nom.br
1242,czest.pl
1243,beer
1244,karpacz.pl
1245,nsupdate.info
1246,etc.br
1247,my.id
1248,ta.it
1249,bible
1250,go.ug
1251,sosnowiec.pl
1252,eu.int
1253,myftp.biz
1254,fm.br
1255,mragowo.pl
1256,cri.nz
1257,mazury.pl
1258,org.ni
1259,pulawy.pl
1260,recipes
1261,lib.oh.us
1262,net.tt
1263,sa.edu.au
1264,myds.me
1265,edu.jo
1266,gotdns.org
1267,net.th
1268,aaa
1269,ye
1270,k12.md.us
1271,poltava.ua
1272,le.it
1273,alwaysdata.net
1274,cn.it
1275,pv.it
1276,vote
1277,va.it
1278,camera
1279,js.cn
1280,tv.it
1281,xn--p1acf
1282,gov.by
1283,imb.br
1284,edu.sv
1285,homeoffice.gov.uk
1286,me.it
1287,tas.edu.au
1288,keymachine.de
1289,homelinux.net
1290,legal
1291,blogspot.com.ng
1292,com.ag
1293,td
1294,gov.ir
1295,tas.gov.au
1296,com.lk
1297,sa.com
1298,co.ae
1299,donetsk.ua
1300,co.pl
1301,lutsk.ua
1302,k12.ut.us
1303,fish
1304,com.gi
1305,firenze.it
1306,gf
1307,lib.mi.us
1308,gen.nz
1309,s3.ca-central-1.amazonaws.com
1310,goog
1311,gov.cy
1312,net.kg
1313,edu.py
1314,consulting
1315,sd.cn
1316,tp.it
1317,vision
1318,gliwice.pl
1319,dating
1320,you
1321,org.sv
1322,style
1323,vr.it
1324,casino
1325,perugia.it
1326,puglia.it
1327,gov.cl
1328,or.cr
1329,pizza
1330,office
1331,com.ky
1332,edu.iq
1333,org.cy
1334,cloud.fedoraproject.org
1335,bialystok.pl
1336,go.tz
1337,gov.kz
1338,rm.it
1339,dance
1340,jpn.com
1341,org.gr
1342,al.it
1343,bio.br
1344,lib.nj.us
1345,ngrok.io
1346,kn
1347,earth
1348,is-by.us
1349,uz.ua
1350,org.mk
1351,ri.us
1352,selfip.net
1353,tr.it
1354,frl
1355,kobierzyce.pl
1356,lazio.it
1357,fail
1358,ngo
1359,cr.it
1360,gw
1361,pila.pl
1362,net.gr
1363,pisa.it
1364,edu.tt
1365,ud.it
1366,engineering
1367,xn--90ais
1368,blogspot.ba
1369,za.com
1370,gov.mo
1371,pa.it
1372,appchizi.com
1373,blogspot.co.za
1374,s3-eu-west-2.amazonaws.com
1375,s3-us-east-2.amazonaws.com
1376,spb.su
1377,blogspot.sk
1378,gov.ma
1379,fitness
1380,kicks-ass.org
1381,gov.gh
1382,pd.it
1383,rio
1384,spdns.de
1385,or.ug
1386,genova.it
1387,org.zm
1388,fund
1389,gov.dz
1390,i2p
1391,trieste.it
1392,info.ve
1393,net.om
1394,fashion
1395,lib.ia.us
1396,bielawa.pl
1397,town
1398,wloclawek.pl
1399,co.im
1400,institute
1401,dyndns-server.com
1402,gmbh
1403,gu
1404,iki.fi
1405,s3-website.ap-south-1.amazonaws.com
1406,xn--80asehdb
1407,pg.it
1408,blogspot.bg
1409,flog.br
1410,odo.br
1411,pol.tr
1412,verona.it
1413,edu.bo
1414,moda
1415,ss.it
1416,net.py
1417,computer
1418,pp.se
1419,sa.cr
1420,srl
1421,gob.hn
1422,webhop.me
1423,marche.it
1424,org.qa
1425,stalowa-wola.pl
1426,university
1427,kepno.pl
1428,youtube
1429,tuxfamily.org
1430,dyndns-remote.com
1431,gov.ec
1432,gov.lv
1433,fans
1434,ba.it
1435,compute.amazonaws.com
1436,olkusz.pl
1437,swiss
1438,blogspot.com.uy
1439,gov.jo
1440,lib.ms.us
1441,padova.it
1442,pr.it
1443,yk.ca
1444,k12.mt.us
1445,ge.it
1446,immo
1447,bv
1448,gob.ni
1449,gov.ly
1450,homeftp.net
1451,lgbt
1452,za.org
1453,dynalias.net
1454,gov.rs
1455,lib.wi.us
1456,ac.pa
1457,ca.it
1458,ru.net
1459,ve.it
1460,boutique
1461,ice
1462,kolobrzeg.pl
1463,nom.es
1464,ppg.br
1465,vt.it
1466,cards
1467,dontexist.org
1468,gr.it
1469,kitchen
1470,muni.il
1471,s3-website.eu-west-2.amazonaws.com
1472,cymru
1473,gmail
1474,kalisz.pl
1475,mil.pl
1476,oz.au
1477,dy.fi
1478,partners
1479,net.mv
1480,edu.cu
1481,eu-2.evennode.com
1482,lib.mn.us
1483,mat.br
1484,campania.it
1485,url.tw
1486,aeroport.fr
1487,limited
1488,casa
1489,lo.it
1490,xin
1491,gb.net
1492,gov.af
1493,gov.om
1494,zip
1495,legnica.pl
1496,ryukyu
1497,kr.com
1498,parts
1499,com.bm
1500,liguria.it
1501,sejny.pl
1502,elk.pl
1503,sx.cn
1504,geek.nz
1505,gotdns.ch
1506,km
1507,ski
1508,ventures
1509,edu.om
1510,net.gt
1511,tgory.pl
1512,xn--80adxhks
1513,edu.mk
1514,or.it
1515,com.la
1516,cs.it
1517,gdynia.pl
1518,co.mw
1519,vda.it
1520,edu.ee
1521,tokyo.jp
1522,square7.ch
1523,tmp.br
1524,co.nl
1525,kp
1526,pruszkow.pl
1527,com.sl
1528,info.ec
1529,org.lb
1530,abbott
1531,an.it
1532,org.mz
1533,am.br
1534,com.zm
1535,gn
1536,itau
1537,smart
1538,ac.vn
1539,aq.it
1540,com.bb
1541,nt.ca
1542,chambagri.fr
1543,nico
1544,gb
1545,here
1546,from-il.com
1547,jaworzno.pl
1548,koeln
1549,net.uy
1550,prato.it
1551,fedorapeople.org
1552,tatar
1553,crimea.ua
1554,mq
1555,palermo.it
1556,ct.it
1557,mn.it
1558,ed.cr
1559,k12.nh.us
1560,mb.it
1561,gov.lb
1562,k12.nm.us
1563,mielec.pl
1564,wien
1565,kherson.ua
1566,mom
1567,taipei
1568,lib.il.us
1569,so.it
1570,edu.et
1571,lib.tx.us
1572,rc.it
1573,blogspot.co.ke
1574,dnsalias.org
1575,comcast
1576,k12.tn.us
1577,shoes
1578,vipsinaapp.com
1579,nom.fr
1580,org.ro
1581,webhop.info
1582,elblag.pl
1583,mydrobo.com
1584,net.ng
1585,lr
1586,nrw
1587,brussels
1588,cars
1589,edu.qa
1590,tours
1591,clinic
1592,edu.al
1593,gov.bh
1594,aq
1595,lib.me.us
1596,servecounterstrike.com
1597,clothing
1598,com.sb
1599,hk.com
1600,info.vn
1601,property
1602,rybnik.pl
1603,gov.ps
1604,ostrowwlkp.pl
1605,dyndns-home.com
1606,bayern
1607,gov.mk
1608,se.net
1609,coach
1610,africa.com
1611,blogspot.qa
1612,mil.ec
1613,pet
1614,edu.pt
1615,mil.co
1616,realty
1617,s3-us-gov-west-1.amazonaws.com
1618,singles
1619,vgs.no
1620,nsn.us
1621,co.rw
1622,jetzt
1623,pisz.pl
1624,edu.ps
1625,green
1626,horse
1627,mazowsze.pl
1628,supply
1629,ong
1630,properties
1631,ar.com
1632,com.tj
1633,gov.sy
1634,hot
1635,oz
1636,soy
1637,spdns.org
1638,av.it
1639,edu.es
1640,fk
1641,hamburg
1642,cieszyn.pl
1643,restaurant
1644,estate
1645,brescia.it
1646,edu.mt
1647,finance
1648,lib.md.us
1649,xn--54b7fta0cc
1650,gop
1651,inf.ua
1652,umbria.it
1653,zj.cn
1654,blogspot.rs
1655,emr.it
1656,fr.it
1657,malopolska.pl
1658,shopping
1659,mil.ar
1660,radio.br
1661,s3-ap-northeast-2.amazonaws.com
1662,se.com
1663,k12.nv.us
1664,gitlab.io
1665,augustow.pl
1666,k12.id.us
1667,notaires.fr
1668,pc.it
1669,tv.bo
1670,ch.it
1671,nowaruda.pl
1672,tattoo
1673,venezia.it
1674,wine
1675,cloudns.club
1676,xn--fiqs8s
1677,hk.cn
1678,name.vn
1679,org.pa
1680,yoga
1681,fc.it
1682,li.it
1683,wielun.pl
1684,lc.it
1685,blogspot.hr
1686,is.it
1687,sj
1688,co.vi
1689,eun.eg
1690,org.tt
1691,zt.ua
1692,com.dz
1693,s3-ca-central-1.amazonaws.com
1694,no-ip.ca
1695,s3-website.ap-northeast-2.amazonaws.com
1696,gov.gy
1697,info.hu
1698,new
1699,rentals
1700,solar
1701,gov.iq
1702,pe.it
1703,mh
1704,org.ir
1705,grosseto.it
1706,natura
1707,edu.rs
1708,gov.pr
1709,servebbs.net
1710,auto.pl
1711,pn.it
1712,walbrzych.pl
1713,ce.it
1714,dnsfor.me
1715,edu.sd
1716,lib.al.us
1717,fhsk.se
1718,is-found.org
1719,vet.br
1720,holiday
1721,promo
1722,barclaycard
1723,brasilia.me
1724,bytom.pl
1725,calabria.it
1726,dynalias.org
1727,glass
1728,school.za
1729,dyndns-web.com
1730,lu.it
1731,co.na
1732,luxury
1733,org.af
1734,rg.it
1735,rn.it
1736,servepics.com
1737,hsbc
1738,abruzzo.it
1739,no.com
1740,health.nz
1741,pescara.it
1742,reisen
1743,limanowa.pl
1744,supplies
1745,swiebodzin.pl
1746,onthewifi.com
1747,college
1748,diskstation.me
1749,dnsdojo.com
1750,nu.ca
1751,tychy.pl
1752,cloudns.pro
1753,dental
1754,gmina.pl
1755,kanagawa.jp
1756,nov.ru
1757,org.jo
1758,serveftp.org
1759,net.sb
1760,org.gh
1761,co.me
1762,forsale
1763,org.ma
1764,furniture
1765,mil.no
1766,in.rs
1767,weir
1768,fg.it
1769,gov.al
1770,livorno.it
1771,thruhere.net
1772,trust
1773,s3.dualstack.eu-west-2.amazonaws.com
1774,tax
1775,bergamo.it
1776,healthcare
1777,blogspot.lt
1778,canon
1779,edu.pa
1780,gov.ge
1781,ketrzyn.pl
1782,pro.vn
1783,co.dk
1784,edu.dz
1785,firm.in
1786,gov.mn
1787,mil.ru
1788,org.ug
1789,builders
1790,credit
1791,ms.it
1792,servequake.com
1793,toys
1794,br.it
1795,tirol
1796,wlocl.pl
1797,gov.bs
1798,siracusa.it
1799,warmia.pl
1800,avocat.fr
1801,blogspot.al
1802,k12.ks.us
1803,parma.it
1804,lubin.pl
1805,open
1806,org.bz
1807,org.tn
1808,oristano.it
1809,bari.it
1810,gotpantheon.com
1811,k12.ne.us
1812,s3.dualstack.ap-northeast-2.amazonaws.com
1813,selfip.biz
1814,gdansk.pl
1815,insure
1816,ac.mz
1817,cc.il.us
1818,s3-website.ca-central-1.amazonaws.com
1819,gov.zm
1820,modena.it
1821,swidnica.pl
1822,com.tt
1823,fot.br
1824,jgora.pl
1825,s3.dualstack.ap-southeast-1.amazonaws.com
1826,tienda
1827,org.ge
1828,serveblog.net
1829,co.uz
1830,xn--tckwe
1831,family
1832,gov.la
1833,lib.la.us
1834,com.ba
1835,haus
1836,mil.ve
1837,jl.cn
1838,podlasie.pl
1839,pordenone.it
1840,is-a-geek.com
1841,s3.dualstack.us-east-2.amazonaws.com
1842,wedding
1843,auction
1844,gov.bz
1845,nysa.pl
1846,rent
1847,bn.it
1848,dep.no
1849,futbol
1850,miami
1851,s3.dualstack.ca-central-1.amazonaws.com
1852,gent
1853,priv.at
1854,bl.it
1855,homeunix.com
1856,net.gy
1857,edu.ge
1858,gov.ky
1859,gov.mz
1860,ruhr
1861,slask.pl
1862,i.ng
1863,s3.dualstack.ap-southeast-2.amazonaws.com
1864,barcelona
1865,cc.al.us
1866,gop.pk
1867,psc.br
1868,com.ai
1869,now
1870,polkowice.pl
1871,sr.it
1872,dd-dns.de
1873,org.ae
1874,ostroleka.pl
1875,s3.dualstack.ap-south-1.amazonaws.com
1876,udine.it
1877,blogspot.si
1878,webhop.biz
1879,blogspot.com.by
1880,co.je
1881,org.mw
1882,prochowice.pl
1883,travel.pl
1884,flights
1885,gov.zw
1886,leclerc
1887,sydney
1888,workisboring.com
1889,gniezno.pl
1890,gov.bm
1891,nieruchomosci.pl
1892,selfip.org
1893,lawyer
1894,org.hn
1895,car
1896,com.sy
1897,construction
1898,equipment
1899,k12.ak.us
1900,lighting
1901,org.bw
1902,ar.it
1903,diet
1904,gmx
1905,com.ee
1906,gov.az
1907,lib.ny.us
1908,vlaanderen
1909,ac.mu
1910,gorlice.pl
1911,williamhill
1912,blogdns.com
1913,doesntexist.com
1914,dscloud.me
1915,gov.bt
1916,gov.sl
1917,lib.nc.us
1918,org.na
1919,podzone.net
1920,pz.it
1921,cc.fl.us
1922,melbourne
1923,mil.id
1924,uzhgorod.ua
1925,info.ro
1926,lib.mo.us
1927,olecko.pl
1928,servemp3.com
1929,msk.su
1930,pistoia.it
1931,pu.it
1932,gov.mw
1933,star
1934,gov.kg
1935,gov.tn
1936,limo
1937,lowicz.pl
1938,med
1939,org.sz
1940,rimini.it
1941,yokohama
1942,com.bt
1943,far.br
1944,go.it
1945,media.pl
1946,name.tr
1947,rec.br
1948,basilicata.it
1949,dyndns-office.com
1950,kharkiv.ua
1951,nikolaev.ua
1952,varese.it
1953,asti.it
1954,cc.tx.us
1955,gov.rw
1956,lib.ca.us
1957,lib.sc.us
1958,mypsx.net
1959,org.mo
1960,sv.it
1961,act.edu.au
1962,apartments
1963,cz.it
1964,lecco.it
1965,ts.it
1966,edu.hn
1967,gov.bb
1968,hockey
1969,archi
1970,blogspot.is
1971,nu.it
1972,productions
1973,pt.it
1974,cc.ga.us
1975,enterprises
1976,mc.it
1977,nagoya
1978,siena.it
1979,xn--c1avg
1980,cern
1981,co.cm
1982,kartuzy.pl
1983,nat.tn
1984,presse.fr
1985,turek.pl
1986,sch.ae
1987,spdns.eu
1988,xn--80aswg
1989,com.gy
1990,edu.kz
1991,latina.it
1992,point2this.com
1993,xn--d1acj3b
1994,co.ca
1995,dontexist.com
1996,lib.ks.us
1997,at.it
1998,biella.it
1999,blogspot.com.cy
2000,cc.ia.us
2001,gov.tl
2002,imperia.it
2003,org.hu
2004,srt
2005,ac.sz
2006,gouv.sn
2007,kred
2008,ri.it
2009,sassari.it
2010,agro.pl
2011,blogspot.mk
2012,com.nf
2013,com.ps
2014,dyndns-at-home.com
2015,exposed
2016,glogow.pl
2017,lib.ky.us
2018,nakai.kanagawa.jp
2019,no-ip.co.uk
2020,ac.rw
2021,gov.ba
2022,net.bo
2023,no.it
2024,of.by
2025,servebbs.com
2026,study
2027,co.no
2028,hn.cn
2029,trapani.it
2030,cheap
2031,com.sd
2032,gouv.ht
2033,homeunix.net
2034,okinawa.jp
2035,arezzo.it
2036,desa.id
2037,kyiv.ua
2038,sanok.pl
2039,sp.leg.br
2040,web.pk
2041,ac.mw
2042,ag.it
2043,ddnss.de
2044,fj.cn
2045,freeboxos.fr
2046,pri.ee
2047,volyn.ua
2048,gov.et
2049,gov.sd
2050,chieti.it
2051,edu.mo
2052,gov.mv
2053,servegame.org
2054,goip.de
2055,inf.cu
2056,not.br
2057,piacenza.it
2058,wiki.br
2059,edu.ba
2060,lt.it
2061,orange
2062,org.gg
2063,oslo.no
2064,cc.ua
2065,feedback
2066,lucca.it
2067,boleslawiec.pl
2068,edu.af
2069,med.pro
2070,cremona.it
2071,emiliaromagna.it
2072,rnu.tn
2073,sp.it
2074,0emm.com
2075,cuneo.it
2076,endofinternet.net
2077,lukow.pl
2078,repair
2079,vicenza.it
2080,vin
2081,edu.za
2082,lib.co.us
2083,pomorskie.pl
2084,sci.eg
2085,auto
2086,catering
2087,dyndns-mail.com
2088,edu.lv
2089,i234.me
2090,web.ve
2091,k12.vt.us
2092,store.ro
2093,abc
2094,industries
2095,it.ao
2096,k12.ri.us
2097,ot.it
2098,surf
2099,career
2100,cc.mi.us
2101,ci.it
2102,dscloud.biz
2103,gifts
2104,net.eu.org
2105,org.ls
2106,zakopane.pl
2107,aland.fi
2108,cc.nc.us
2109,dyndns-free.com
2110,edu.sy
2111,experts-comptables.fr
2112,kvam.no
2113,loans
2114,priv.no
2115,zgorzelec.pl
2116,country
2117,holdings
2118,home.dyndns.org
2119,malbork.pl
2120,blogspot.sn
2121,cdn77-ssl.net
2122,hobby-site.com
2123,ceo
2124,coop.py
2125,edu.az
2126,jelenia-gora.pl
2127,lodi.it
2128,mortgage
2129,okinawa
2130,pointto.us
2131,blackfriday
2132,club.tw
2133,com.vu
2134,corsica
2135,edu.mn
2136,for-the.biz
2137,mail.pl
2138,rovno.ua
2139,agric.za
2140,enna.it
2141,ftpaccess.cc
2142,lib.ut.us
2143,lomza.pl
2144,rieti.it
2145,szczytno.pl
2146,taa.it
2147,cb.it
2148,edu.lk
2149,hu.com
2150,mobile
2151,podhale.pl
2152,ancona.it
2153,bom
2154,cim.br
2155,day
2156,is-a-geek.org
2157,nom.co
2158,novara.it
2159,office-on-the.net
2160,saarland
2161,bplaced.de
2162,cc.ms.us
2163,contractors
2164,fox
2165,gov.mg
2166,hiphop
2167,idf.il
2168,jewelry
2169,kaufen
2170,vb.it
2171,boxfuse.io
2172,co.gg
2173,edu.bh
2174,lib.va.us
2175,nuoro.it
2176,serveirc.com
2177,ufcfan.org
2178,catania.it
2179,claims
2180,gz.cn
2181,ltd.ua
2182,plumbing
2183,voyage
2184,broke-it.net
2185,iwi.nz
2186,kyoto.jp
2187,podzone.org
2188,schule
2189,vacations
2190,blogspot.com.mt
2191,cologne
2192,com.lv
2193,como.it
2194,cloudns.org
2195,ilawa.pl
2196,lib.ok.us
2197,crown
2198,dyndns-work.com
2199,emp.br
2200,florist
2201,free
2202,law.za
2203,lib.de.us
2204,org.bh
2205,org.et
2206,si.it
2207,apple
2208,bbs.tr
2209,cosenza.it
2210,dvrcam.info
2211,mba
2212,my-wan.de
2213,securitytactics.com
2214,seoul.kr
2215,us-2.evennode.com
2216,vinnica.ua
2217,juegos
2218,molise.it
2219,org.se
2220,secure
2221,servehalflife.com
2222,soccer
2223,attorney
2224,bargains
2225,belluno.it
2226,cq.cn
2227,homeftp.org
2228,k12.il
2229,lib.ma.us
2230,wegrow.pl
2231,ac.se
2232,ciscofreak.com
2233,cooking
2234,ro.it
2235,sucks
2236,yandex
2237,cherkassy.ua
2238,com.se
2239,game.tw
2240,gov.tm
2241,lapy.pl
2242,villas
2243,blogspot.com.ee
2244,blogspot.lu
2245,cloudns.cc
2246,dentist
2247,gov.dm
2248,gov.sc
2249,gv.ao
2250,laspezia.it
2251,lugansk.ua
2252,vic.au
2253,blogspot.am
2254,kr.it
2255,shacknet.nu
2256,terni.it
2257,uw.gov.pl
2258,vodka
2259,caserta.it
2260,financial
2261,folkebibl.no
2262,jx.cn
2263,klodzko.pl
2264,starachowice.pl
2265,cc.or.us
2266,cc.tn.us
2267,com.iq
2268,doomdns.com
2269,isa-geek.org
2270,mil.cn
2271,mov
2272,musica.ar
2273,nm.cn
2274,ternopil.ua
2275,blogsite.org
2276,compute-1.amazonaws.com
2277,diskstation.org
2278,flynnhub.com
2279,from-ks.com
2280,irish
2281,jll
2282,lib.az.us
2283,matera.it
2284,net.ir
2285,nflfan.org
2286,sandcats.io
2287,bj.cn
2288,buy
2289,capetown
2290,dnshome.de
2291,for-our.info
2292,immobilien
2293,mil.pe
2294,ravenna.it
2295,trento.it
2296,zarow.pl
2297,bbc
2298,familyds.com
2299,hb.cn
2300,hs.kr
2301,net.cu
2302,ostroda.pl
2303,riik.ee
2304,sebastopol.ua
2305,shizuoka.jp
2306,ao.it
2307,blogsyte.com
2308,chiba.jp
2309,fishing
2310,hokkaido.jp
2311,org.al
2312,savona.it
2313,surgery
2314,taranto.it
2315,te.it
2316,tula.su
2317,ah.cn
2318,aichi.jp
2319,baidu
2320,law.pro
2321,mil.ng
2322,tarnobrzeg.pl
2323,treviso.it
2324,babia-gora.pl
2325,catanzaro.it
2326,cl.it
2327,com.az
2328,for-better.biz
2329,krd
2330,lib.or.us
2331,org.pr
2332,servep2p.com
2333,bingo
2334,com.lr
2335,data
2336,edu.bt
2337,forgot.his.name
2338,geekgalaxy.com
2339,kazimierz-dolny.pl
2340,lebork.pl
2341,lib.pa.us
2342,org.bt
2343,ro.im
2344,rovigo.it
2345,sc.ug
2346,sm.ua
2347,bieszczady.pl
2348,blogspot.li
2349,com.ci
2350,dynvpn.de
2351,guitars
2352,insurance
2353,istmein.de
2354,lib.wa.us
2355,sch.ir
2356,ac.zm
2357,afl
2358,brindisi.it
2359,does-it.net
2360,en.it
2361,fermo.it
2362,fhs.no
2363,gov.me
2364,homeunix.org
2365,kutno.pl
2366,medecin.fr
2367,org.je
2368,per.sg
2369,com.ht
2370,com.lc
2371,eco
2372,fedorainfracloud.org
2373,gorizia.it
2374,net.jo
2375,outsystemscloud.com
2376,pgafan.net
2377,blogdns.org
2378,dhl
2379,press.ma
2380,test.ru
2381,tickets
2382,wow
2383,bt.it
2384,cagliari.it
2385,call
2386,crotone.it
2387,gen.in
2388,kiwi.nz
2389,lib.ar.us
2390,search
2391,sopot.pl
2392,turystyka.pl
2393,christmas
2394,chrome
2395,co.cl
2396,damnserver.com
2397,ditchyourip.com
2398,dyn-o-saur.com
2399,edu.bb
2400,engineer
2401,fin.tn
2402,mg.leg.br
2403,serveexchange.com
2404,ac.im
2405,actor
2406,ftr
2407,go.leg.br
2408,hiroshima.jp
2409,hyogo.jp
2410,ing
2411,lib.nh.us
2412,map
2413,mypets.ws
2414,name.ng
2415,trentino.it
2416,beskidy.pl
2417,com.nr
2418,dell
2419,from-de.com
2420,from-sc.com
2421,mielno.pl
2422,mil.do
2423,sch.ng
2424,shop.hu
2425,xn--t60b56a
2426,doesntexist.org
2427,frosinone.it
2428,gob.pk
2429,gos.pk
2430,java
2431,joburg
2432,mil.kr
2433,msd
2434,tuscany.it
2435,vivo
2436,edu.mg
2437,george
2438,mantova.it
2439,memorial
2440,telefonica
2441,accountants
2442,blogspot.md
2443,endoftheinternet.org
2444,gov.bo
2445,id.lv
2446,nagano.jp
2447,sandvik
2448,security
2449,xn--3ds443g
2450,com.gn
2451,gov.lt
2452,laquila.it
2453,movistar
2454,my-gateway.de
2455,my-router.de
2456,net.et
2457,qc.com
2458,vv.it
2459,cable-modem.org
2460,ddnss.org
2461,hitachi
2462,int.ru
2463,is-slick.com
2464,ltda
2465,meteorapp.com
2466,monash
2467,scrapping.cc
2468,dyndns-at-work.com
2469,foo
2470,man
2471,mil.ph
2472,mt.it
2473,myeffect.net
2474,net.gn
2475,neustar
2476,okayama.jp
2477,sas
2478,theater
2479,viajes
2480,com.cm
2481,game-host.org
2482,hl.cn
2483,investments
2484,lel.br
2485,markets
2486,mil.nz
2487,org.lv
2488,org.mv
2489,powiat.pl
2490,sc.cn
2491,xen.prgmr.com
2492,fr.eu.org
2493,gea
2494,gives
2495,gsm.pl
2496,gunma.jp
2497,hepforge.org
2498,mit
2499,play
2500,port.fr
2501,servebbs.org
2502,transurl.nl
2503,ae.org
2504,associates
2505,com.kp
2506,condos
2507,dad
2508,ed.ao
2509,gov.bf
2510,gov.ws
2511,mil.my
2512,net.pa
2513,org.bb
2514,org.dz
2515,osaka.jp
2516,ostrowiec.pl
2517,pin
2518,xn--3e0b707e
2519,zhitomir.ua
2520,accenture
2521,alessandria.it
2522,gov.mu
2523,lib.fl.us
2524,like
2525,myfirewall.org
2526,org.ly
2527,plo.ps
2528,pomorze.pl
2529,prd.fr
2530,rawa-maz.pl
2531,rehab
2532,sch.sa
2533,shop.pl
2534,skoczow.pl
2535,sondrio.it
2536,wed
2537,alsace
2538,beep.pl
2539,co.ci
2540,foggia.it
2541,gov.to
2542,health
2543,is-a-geek.net
2544,med.pl
2545,net.la
2546,org.la
2547,aosta.it
2548,blogspot.ug
2549,cleaning
2550,dnsdojo.net
2551,dyn-vpn.de
2552,edu.bs
2553,lecce.it
2554,ma.leg.br
2555,meet
2556,myactivedirectory.com
2557,net.sy
2558,nx.cn
2559,o.se
2560,qsl.br
2561,saitama.jp
2562,sex.pl
2563,sn.cn
2564,stargard.pl
2565,tr.no
2566,agrigento.it
2567,chirurgiens-dentistes.fr
2568,dedyn.io
2569,edu.kn
2570,gov.cm
2571,gov.sb
2572,hiv
2573,idrett.no
2574,kg.kr
2575,konskowola.pl
2576,mlbfan.org
2577,nagoya.jp
2578,pc.pl
2579,physio
2580,quicksytes.com
2581,salerno.it
2582,sch.lk
2583,selfip.info
2584,sensiosite.cloud
2585,dlugoleka.pl
2586,eat
2587,fage
2588,fbxos.fr
2589,fukuoka.jp
2590,myasustor.com
2591,naklo.pl
2592,potenza.it
2593,sells-it.net
2594,twmail.org
2595,bialowieza.pl
2596,bplaced.com
2597,dyndns-wiki.com
2598,edu.bz
2599,game-server.cc
2600,golffan.us
2601,gouv.ml
2602,i.ph
2603,im.it
2604,k12.ec
2605,kalmykia.ru
2606,maison
2607,mini
2608,monza.it
2609,museum.no
2610,net.bs
2611,net.nr
2612,on-the-web.tv
2613,org.gy
2614,org.ps
2615,org.sn
2616,priv.pl
2617,saxo
2618,sbs
2619,sos.pl
2620,szkola.pl
2621,tennis
2622,boo
2623,cc.az.us
2624,edunet.tn
2625,familyds.net
2626,organic
2627,read-books.org
2628,zachpomor.pl
2629,art.museum
2630,axa
2631,blogdns.net
2632,delta
2633,fan
2634,from-ga.com
2635,from-ok.com
2636,fukushima.jp
2637,jcb
2638,kumamoto.jp
2639,lib.ee
2640,miyagi.jp
2641,oita.jp
2642,rodeo
2643,sc.leg.br
2644,yamanashi.jp
2645,a.se
2646,bentley
2647,crs
2648,dc.us
2649,dontexist.net
2650,edu.kg
2651,edu.ky
2652,es.kr
2653,huissier-justice.fr
2654,is-leet.com
2655,k12.vi
2656,mil.tr
2657,mw.gov.pl
2658,org.mn
2659,pe.leg.br
2660,sa.gov.pl
2661,tas.au
2662,xn--mgbaam7a8h
2663,anz
2664,aomori.jp
2665,bi.it
2666,cc.mo.us
2667,cc.va.us
2668,citic
2669,co.gy
2670,czeladz.pl
2671,gets-it.net
2672,hu.net
2673,is-certified.com
2674,komatsu
2675,on-web.fr
2676,pay
2677,pharmacien.fr
2678,pwc
2679,reise
2680,salon
2681,sapporo.jp
2682,save
2683,sbi
2684,sca
2685,simple-url.com
2686,so.gov.pl
2687,tec.ve
2688,to.leg.br
2689,vc.it
2690,vercelli.it
2691,yn.cn
2692,bing
2693,cc.md.us
2694,cc.ok.us
2695,com.ms
2696,dot
2697,ecn.br
2698,edu.gy
2699,ehime.jp
2700,flowers
2701,fly
2702,geek
2703,ham-radio-op.net
2704,mil.by
2705,mymediapc.net
2706,nara.jp
2707,org.ky
2708,org.lk
2709,virgin
2710,baby
2711,cc.nj.us
2712,draydns.de
2713,edu.krd
2714,feste-ip.net
2715,fm.it
2716,got
2717,gs.cn
2718,hi.cn
2719,iwate.jp
2720,microsoft
2721,mie.jp
2722,mo.cn
2723,nab
2724,navy
2725,norton
2726,pr.leg.br
2727,teo.br
2728,uy.com
2729,v.bg
2730,ven.it
2731,active
2732,c.la
2733,cruises
2734,dyn
2735,edu.ly
2736,edu.mv
2737,from-tx.com
2738,from.hr
2739,gov.lr
2740,jmp
2741,lease
2742,lom.it
2743,m.se
2744,mil.za
2745,net.pt
2746,niigata.jp
2747,org.sd
2748,pavia.it
2749,po.it
2750,rep.kp
2751,servehumour.com
2752,spot
2753,stat.no
2754,swatch
2755,um.gov.pl
2756,worse-than.tv
2757,ceb
2758,com.to
2759,com.uz
2760,coupons
2761,courses
2762,dnsiskinky.com
2763,drive
2764,gifu.jp
2765,guardian
2766,kawasaki.jp
2767,ms.kr
2768,nerima.tokyo.jp
2769,net-freaks.com
2770,net.mo
2771,nl.eu.org
2772,tochigi.jp
2773,bcn
2774,codespot.com
2775,duck
2776,edu.zm
2777,gov.ki
2778,gov.lc
2779,gr.com
2780,is-a-personaltrainer.com
2781,isernia.it
2782,moi
2783,net.ms
2784,qa2.com
2785,rn.leg.br
2786,sendai.jp
2787,asso.nc
2788,bmd.br
2789,bolzano.it
2790,cbs
2791,com.rw
2792,dds
2793,dni.us
2794,dsmynas.com
2795,dynathome.net
2796,dyndns-blog.com
2797,from-ar.com
2798,health.vn
2799,idv.hk
2800,info.tn
2801,kagoshima.jp
2802,mil.al
2803,mlb
2804,net.bz
2805,net.nf
2806,org.ba
2807,phone
2808,sc.kr
2809,servesarcasm.com
2810,sharp
2811,twmail.net
2812,xn--q9jyb4c
2813,android
2814,avellino.it
2815,cal
2816,dnsdojo.org
2817,durban
2818,eating-organic.net
2819,hospital
2820,ibaraki.jp
2821,is-very-bad.org
2822,messina.it
2823,mtn
2824,net.mu
2825,on-aptible.com
2826,opoczno.pl
2827,org.im
2828,realm.cz
2829,reit
2830,rs.leg.br
2831,tm.pl
2832,ups
2833,vladimir.ru
2834,walmart
2835,wodzislaw.pl
2836,xj.cn
2837,xn--kput3i
2838,yokohama.jp
2839,ascolipiceno.it
2840,cba
2841,com.st
2842,cpa.pro
2843,from-va.com
2844,isteingeek.de
2845,lidl
2846,macerata.it
2847,my-firewall.org
2848,name.my
2849,obi
2850,off.ai
2851,pictet
2852,pnc
2853,pub.sa
2854,teramo.it
2855,trd.br
2856,yamagata.jp
2857,ac.me
2858,doomdns.org
2859,emerck
2860,gs.oslo.no
2861,is-lost.org
2862,neo
2863,net.tn
2864,nom.za
2865,parliament.nz
2866,pesarourbino.it
2867,pru
2868,radio
2869,skype
2870,sport.hu
2871,sr.gov.pl
2872,vf.no
2873,vista
2874,weather
2875,boehringer
2876,book
2877,collegefan.org
2878,com.ki
2879,edu.ci
2880,fantasyleague.cc
2881,fukui.jp
2882,go.dyndns.org
2883,gov.gn
2884,info.at
2885,ip6.arpa
2886,is-a-designer.com
2887,is-a-hard-worker.com
2888,is-very-evil.org
2889,lib.ga.us
2890,net.ge
2891,net.lv
2892,nsw.au
2893,org.bs
2894,poivron.org
2895,przeworsk.pl
2896,sina
2897,akita.jp
2898,alt.za
2899,audi
2900,ba.leg.br
2901,bot
2902,creditcard
2903,definima.net
2904,doctor
2905,dr.tr
2906,edu.tm
2907,forum
2908,gripe
2909,hachioji.tokyo.jp
2910,is-a-chef.net
2911,is-very-sweet.org
2912,lib.nv.us
2913,mil.uy
2914,myphotos.cc
2915,mysecuritycamera.com
2916,nba
2917,net.bt
2918,net.cy
2919,nhlfan.net
2920,org.ee
2921,qvc
2922,triton.zone
2923,web.lk
2924,weber
2925,xerox
2926,azure
2927,bolt.hu
2928,busan.kr
2929,cc.nm.us
2930,communications.museum
2931,diskstation.eu
2932,diy
2933,e.se
2934,eng.pro
2935,everbank
2936,from-mo.com
2937,geometre-expert.fr
2938,gov.mr
2939,kep.tr
2940,lds
2941,meguro.tokyo.jp
2942,mma
2943,net.az
2944,net.rw
2945,ntt
2946,pid
2947,ping
2948,praxi
2949,protection
2950,rel.pl
2951,schmidt
2952,sew
2953,total
2954,trv
2955,tvs
2956,windows
2957,yun
2958,ap.gov.pl
2959,at-band-camp.net
2960,com.ug
2961,docs
2962,e12.ve
2963,edu.dm
2964,edu.pf
2965,endofinternet.org
2966,firewall-gateway.com
2967,from-ca.com
2968,from-me.org
2969,from-pa.com
2970,gov.ms
2971,hermes
2972,hughes
2973,is-very-good.org
2974,matsumoto.nagano.jp
2975,mil.cl
2976,net.ai
2977,next
2978,ogliastra.it
2979,prime
2980,qpon
2981,safe
2982,sarl
2983,sells-for-u.com
2984,sfr
2985,shiga.jp
2986,staples
2987,stc
2988,toyama.jp
2989,apps.lair.io
2990,asda
2991,capitalone
2992,com.dm
2993,couchpotatofries.org
2994,csc
2995,from-al.com
2996,from-nc.com
2997,from-ne.com
2998,gle
2999,greta.fr
3000,hkt
3001,hotel.hu
3002,is-an-engineer.com
3003,is-saved.org
3004,kyoto
3005,nt.edu.au
3006,org.pf
3007,osaka
3008,page
3009,pb.leg.br
3010,schwarz
3011,shell
3012,target
3013,verbania.it
3014,voting
3015,xn--55qx5d
3016,xn--mk1bu44c
3017,al.leg.br
3018,bmw
3019,boldlygoingnowhere.org
3020,cc.ks.us
3021,com.sn
3022,dtv
3023,fedex
3024,from-or.com
3025,gov.kn
3026,gyeonggi.kr
3027,hobby-site.org
3028,ichihara.chiba.jp
3029,int.ar
3030,itv
3031,iz.hr
3032,kaszuby.pl
3033,kpn
3034,meme
3035,minato.tokyo.jp
3036,mincom.tn
3037,misconfused.org
3038,nerdpol.ovh
3039,netflix
3040,nis.za
3041,observer
3042,og.it
3043,omega
3044,org.ai
3045,org.sy
3046,pl.eu.org
3047,samsung
3048,seven
3049,shimane.jp
3050,tires
3051,utazas.hu
3052,video.hu
3053,xn--o3cw4h
3054,africa
3055,aig
3056,arte
3057,bbs
3058,bnl
3059,com.kg
3060,edu.sn
3061,ens.tn
3062,fh.se
3063,film.hu
3064,fire
3065,firewall-gateway.de
3066,fur
3067,homes
3068,ifm
3069,isa-geek.com
3070,isa-geek.net
3071,iwc
3072,jnj
3073,lib.vt.us
3074,meo
3075,mil.hn
3076,mt.leg.br
3077,nec
3078,nom.pl
3079,ntr.br
3080,org.cu
3081,org.nr
3082,pvt.ge
3083,read
3084,remotewd.com
3085,ses
3086,targi.pl
3087,versicherung
3088,web.za
3089,whoswho
3090,abb
3091,alpha-myqnapcloud.com
3092,bestbuy
3093,brand.se
3094,cc.oh.us
3095,cloudns.asia
3096,com.so
3097,dsmynas.net
3098,edu.la
3099,esq
3100,fresenius
3101,gnu
3102,gov.ee
3103,gov.sh
3104,gov.vc
3105,gs.hl.no
3106,gs.vf.no
3107,hachinohe.aomori.jp
3108,health-carereform.com
3109,hl.no
3110,htc
3111,ibm
3112,ishikawa.jp
3113,kagawa.jp
3114,kia
3115,knowsitall.info
3116,likes-pie.com
3117,ltd.gi
3118,marriott
3119,micro
3120,miyazaki.jp
3121,mr.no
3122,mtr
3123,net.bh
3124,oss
3125,philips
3126,ro.leg.br
3127,s3-fips-us-gov-west-1.amazonaws.com
3128,sener
3129,shinagawa.tokyo.jp
3130,talk
3131,tdk
3132,teaches-yoga.com
3133,tos.it
3134,toshiba
3135,tui
3136,ug.gov.pl
3137,vig
3138,3.bg
3139,agrinet.tn
3140,allstate
3141,booking
3142,campobasso.it
3143,cc.la.us
3144,cfa
3145,channel
3146,citi
3147,com.sc
3148,com.sh
3149,democrat
3150,dnp
3151,ebiz.tw
3152,edu.ht
3153,from-mi.com
3154,from-tn.com
3155,fst.br
3156,iamallama.com
3157,jcp
3158,k12.dc.us
3159,latrobe
3160,lpl
3161,matsuyama.ehime.jp
3162,mcd
3163,mex.com
3164,mil.bo
3165,net.pn
3166,nt.no
3167,org.az
3168,org.me
3169,ota.tokyo.jp
3170,phd
3171,qh.cn
3172,rr.leg.br
3173,science.museum
3174,taobao
3175,wme
3176,xn--90a3ac
3177,yalta.ua
3178,ac.ci
3179,aco
3180,aid.pl
3181,airtel
3182,americanexpress
3183,asso.mc
3184,ato.br
3185,barrel-of-knowledge.info
3186,bizen.okayama.jp
3187,bmoattachments.org
3188,buyshouses.net
3189,cbn
3190,cc.ny.us
3191,cfd
3192,city.hu
3193,cloudns.pw
3194,com.ml
3195,familyds.org
3196,from-ky.com
3197,from-ms.com
3198,from-mt.com
3199,from-nj.com
3200,from-ny.net
3201,frontier
3202,gouv.bj
3203,icu
3204,ilovecollege.info
3205,is-a-chef.com
3206,is-a-guru.com
3207,jot
3208,kobe.jp
3209,kochi.jp
3210,lib.ak.us
3211,lotto
3212,magentosite.cloud
3213,mil.ae
3214,mil.gt
3215,mmafan.biz
3216,nexus
3217,nissan
3218,nt.au
3219,og.ao
3220,oracle
3221,org.sb
3222,pa.leg.br
3223,pi.leg.br
3224,privatizehealthinsurance.net
3225,republican
3226,rich
3227,rnrt.tn
3228,rwe
3229,storage
3230,tm.ro
3231,trondheim.no
3232,tw.cn
3233,venice.it
3234,xn--fiq228c5hs
3235,xn--ngbc5azd
3236,yokosuka.kanagawa.jp
3237,za.bz
3238,aeg
3239,airbus
3240,benevento.it
3241,biz.ni
3242,bloomberg
3243,bridgestone
3244,case
3245,cc.wy.us
3246,contact
3247,dabur
3248,degree
3249,dsmynas.org
3250,dubai
3251,edu.lc
3252,fast
3253,flickr
3254,forum.hu
3255,from-dc.com
3256,fukuchiyama.kyoto.jp
3257,gov.tj
3258,hbo
3259,homedepot
3260,incheon.kr
3261,is-a-rockstar.com
3262,is-gone.com
3263,likescandy.com
3264,n.se
3265,nagasaki.jp
3266,net.al
3267,net.ly
3268,net.ws
3269,nra
3270,org.ws
3271,po.gov.pl
3272,potager.org
3273,ragusa.it
3274,reggiocalabria.it
3275,ril
3276,seika.kyoto.jp
3277,shaw
3278,shirataka.yamagata.jp
3279,szex.hu
3280,tab
3281,taxi.br
3282,tci
3283,tjx
3284,wios.gov.pl
3285,xenapponazure.com
3286,xn--6qq986b3xl
3287,zara
3288,zero
3289,ac.leg.br
3290,bcg
3291,bnr.la
3292,bond
3293,c.se
3294,cc.ar.us
3295,cc.mn.us
3296,chase
3297,eu-1.evennode.com
3298,ferrara.it
3299,florence.it
3300,ford
3301,from-az.net
3302,from-id.com
3303,gov.ml
3304,gov.nc.tr
3305,he.cn
3306,hm.no
3307,is-a-doctor.com
3308,joy
3309,kasuya.fukuoka.jp
3310,lt.ua
3311,machida.tokyo.jp
3312,matsuzaki.shizuoka.jp
3313,nc.tr
3314,nfl
3315,nike
3316,nordreisa.no
3317,or.ci
3318,org.kz
3319,org.lc
3320,pioneer
3321,ricoh
3322,sex.hu
3323,synology-diskstation.de
3324,theatre
3325,wtc
3326,xn--j1aef
3327,xn--ses554g
3328,yachts
3329,alibaba
3330,amex
3331,arakawa.tokyo.jp
3332,bbt
3333,beppu.oita.jp
3334,bms
3335,cal.it
3336,chernovtsy.ua
3337,cipriani
3338,com.gl
3339,daejeon.kr
3340,dealer
3341,dupont
3342,dvr
3343,edu.me
3344,final
3345,forex
3346,from-oh.com
3347,from-pr.com
3348,from-sd.com
3349,from-wi.com
3350,fukushima.fukushima.jp
3351,futurehosting.at
3352,gangwon.kr
3353,gap
3354,genting
3355,ggf.br
3356,gov.nr
3357,gov.st
3358,hamamatsu.shizuoka.jp
3359,hasura-app.io
3360,honda
3361,hoteles
3362,id.ir
3363,inf.mk
3364,is-a-hunter.com
3365,is-not-certified.com
3366,jeju.kr
3367,kamakura.kanagawa.jp
3368,kinder
3369,koriyama.fukushima.jp
3370,lebtimnetz.de
3371,leitungsen.de
3372,lincoln
3373,madrid
3374,mango
3375,metlife
3376,mls
3377,moto
3378,net.ki
3379,net.ps
3380,nokia
3381,org.mg
3382,pro.ec
3383,rj.leg.br
3384,room
3385,sakura
3386,sanofi
3387,sch.qa
3388,services.aero
3389,square7.de
3390,stuff-4-sale.org
3391,stufftoread.com
3392,suli.hu
3393,symantec
3394,thd
3395,tohnosho.chiba.jp
3396,toyota.aichi.jp
3397,trading
3398,xbox
3399,xn--h2brj9c
3400,xn--kpry57d
3401,airport.aero
3402,alstom
3403,altoadige.it
3404,arts.ro
3405,bashkiria.ru
3406,bir.ru
3407,biz.pk
3408,bodo.no
3409,cancerresearch
3410,chuo.yamanashi.jp
3411,cloudcontrolled.com
3412,com.im
3413,com.mu
3414,com.ws
3415,customer.enonic.io
3416,daegu.kr
3417,dyndns-pics.com
3418,enonic.io
3419,est-le-patron.com
3420,farmers
3421,fiat
3422,firewall-gateway.net
3423,from-co.net
3424,from-fl.com
3425,from-ia.com
3426,from-vt.com
3427,fujisawa.kanagawa.jp
3428,gov.ac
3429,grainger
3430,hdfc
3431,hdfcbank
3432,herad.no
3433,homesecuritypc.com
3434,in.eu.org
3435,intuit
3436,is-a-landscaper.com
3437,is-a-lawyer.com
3438,is-a-teacher.com
3439,is-an-accountant.com
3440,is-an-actor.com
3441,is-very-nice.org
3442,ivano-frankivsk.ua
3443,kodaira.tokyo.jp
3444,koshigaya.saitama.jp
3445,lib.ct.us
3446,mediocampidano.it
3447,mil.jo
3448,net.me
3449,nhk
3450,odawara.kanagawa.jp
3451,org.gi
3452,org.lr
3453,ott
3454,progressive
3455,readmyblog.org
3456,realestate.pl
3457,sagamihara.kanagawa.jp
3458,scrapper-site.net
3459,seat
3460,sec.ps
3461,seto.aichi.jp
3462,shia
3463,shiojiri.nagano.jp
3464,shirakawa.fukushima.jp
3465,t.se
3466,teva
3467,tochigi.tochigi.jp
3468,traeumtgerade.de
3469,twmail.cc
3470,ulsan.kr
3471,vapor.cloud
3472,viva
3473,wa.au
3474,walter
3475,wellbeingzone.co.uk
3476,xn--80ao21a
3477,xn--io0a7i
3478,xn--l1acc
3479,xn--mgberp4a5d4ar
3480,xn--rhqv96g
3481,yamaguchi.jp
3482,abiko.chiba.jp
3483,advisor.ws
3484,aigo
3485,amakusa.kumamoto.jp
3486,asahikawa.hokkaido.jp
3487,assedic.fr
3488,asso.dz
3489,autos
3490,ayase.kanagawa.jp
3491,bauhaus
3492,bu.no
3493,cc.wa.us
3494,chofu.tokyo.jp
3495,com.cw
3496,com.re
3497,com.tm
3498,conf.au
3499,d.se
3500,edu.gi
3501,edu.pr
3502,edu.sc
3503,epson
3504,es.leg.br
3505,fidelity
3506,firm.ro
3507,firmdale
3508,food
3509,from-ct.com
3510,from-la.net
3511,from-mn.com
3512,from-nd.com
3513,from-ut.com
3514,from-wa.com
3515,gov.cu
3516,history.museum
3517,hotels
3518,ina.nagano.jp
3519,indy
3520,is-a-chef.org
3521,is-a-financialadvisor.com
3522,itami.hyogo.jp
3523,jio
3524,jondal.no
3525,kawagoe.saitama.jp
3526,kirovograd.ua
3527,lego
3528,lib.ne.us
3529,logoip.de
3530,macys
3531,monster
3532,morimachi.shizuoka.jp
3533,ms.leg.br
3534,myhome-server.de
3535,nadex
3536,nagareyama.chiba.jp
3537,nakatsugawa.gifu.jp
3538,net.ht
3539,net.so
3540,ngo.za
3541,nic.tj
3542,nikon
3543,nt.ro
3544,org.gn
3545,org.vu
3546,osakikamijima.hiroshima.jp
3547,panasonic
3548,pirate
3549,prof
3550,quest
3551,reggio-calabria.it
3552,reklam.hu
3553,reliance
3554,rns.tn
3555,rogers
3556,saves-the-whales.com
3557,sc.tz
3558,smile
3559,song
3560,suedtirol.it
3561,takamatsu.kagawa.jp
3562,tama.tokyo.jp
3563,tokushima.jp
3564,tottori.jp
3565,toyota
3566,utsunomiya.tochigi.jp
3567,viterbo.it
3568,wiw.gov.pl
3569,xn--czr694b
3570,xn--efvn9s.jp
3571,xn--fiqz9s
3572,xn--j6w193g
3573,xn--mgbayh7gpa
3574,xn--vuq861b
3575,y.se
3576,yokkaichi.mie.jp
3577,z.se
3578,abogado
3579,atm.pl
3580,avianca
3581,awdev.ca
3582,bihoro.hokkaido.jp
3583,blanco
3584,bozen.it
3585,broadway
3586,broker
3587,carboniaiglesias.it
3588,cc.mt.us
3589,chigasaki.kanagawa.jp
3590,circle
3591,co.pn
3592,com.io
3593,com.mg
3594,cyon.link
3595,dagestan.ru
3596,deloitte
3597,discover
3598,dray-dns.de
3599,dscloud.mobi
3600,dvag
3601,edogawa.tokyo.jp
3602,edu.ml
3603,edu.sb
3604,edu.ws
3605,est-a-la-maison.com
3606,ferrari
3607,for-more.biz
3608,from-hi.com
3609,from-in.com
3610,from-md.com
3611,from-nh.com
3612,from-nv.com
3613,fuji.shizuoka.jp
3614,fukusaki.hyogo.jp
3615,fylkesbibl.no
3616,gallup
3617,gs.bu.no
3618,gs.of.no
3619,hair
3620,hakone.kanagawa.jp
3621,hiratsuka.kanagawa.jp
3622,honeywell
3623,ikano
3624,ikeda.fukui.jp
3625,info.az
3626,int.ni
3627,is-a-anarchist.com
3628,is-a-cpa.com
3629,is-a-green.com
3630,is-a-nurse.com
3631,is-a-player.com
3632,is-uberleet.com
3633,issmarterthanyou.com
3634,ivanovo.su
3635,izumo.shimane.jp
3636,jlc
3637,joetsu.niigata.jp
3638,jpmorgan
3639,juniper
3640,kameoka.kyoto.jp
3641,kfh
3642,koryo.nara.jp
3643,kpmg
3644,kushiro.hokkaido.jp
3645,kwpsp.gov.pl
3646,linde
3647,living
3648,maibara.shiga.jp
3649,mckinsey
3650,mil.gh
3651,mil.lv
3652,mil.ni
3653,mint
3654,murmansk.su
3655,mydissent.net
3656,nagano.nagano.jp
3657,nagaoka.niigata.jp
3658,nationwide
3659,neat-url.com
3660,obama.fukui.jp
3661,of.no
3662,org.ac
3663,org.ht
3664,org.om
3665,pagefrontapp.com
3666,pfizer
3667,playstation
3668,rl.no
3669,sasayama.hyogo.jp
3670,scb
3671,sch.zm
3672,setagaya.tokyo.jp
3673,shonai.yamagata.jp
3674,sicily.it
3675,sld.pa
3676,soka.saitama.jp
3677,sony
3678,suginami.tokyo.jp
3679,taketa.oita.jp
3680,tokorozawa.saitama.jp
3681,townnews-staging.com
3682,tromso.no
3683,ubs
3684,vanguard
3685,visa
3686,wakayama.jp
3687,writesthisblog.com
3688,www.ro
3689,xfinity
3690,xn--fiq64b
3691,xn--hxt814e
3692,xn--mgba3a4f16a.ir
3693,xn--ygbi2ammx
3694,xz.cn
3695,yamanakako.yamanashi.jp
3696,zamami.okinawa.jp
3697,zaporizhzhe.ua
3698,1kapp.com
3699,4u.com
3700,aarp
3701,abkhazia.su
3702,akita.akita.jp
3703,ally
3704,ap.leg.br
3705,armenia.su
3706,atsugi.kanagawa.jp
3707,bbva
3708,beauty
3709,bosch
3710,boston
3711,bungotakada.oita.jp
3712,bunkyo.tokyo.jp
3713,catholic
3714,cherkasy.ua
3715,chernigov.ua
3716,choshi.chiba.jp
3717,chrysler
3718,co.bi
3719,co.st
3720,com.ac
3721,compare
3722,deal
3723,dnepropetrovsk.ua
3724,edu.bi
3725,edu.mz
3726,edu.sl
3727,ericsson
3728,eu-3.evennode.com
3729,for-some.biz
3730,from-nm.com
3731,from-wy.com
3732,fuettertdasnetz.de
3733,fujinomiya.shizuoka.jp
3734,fujiyoshida.yamanashi.jp
3735,fukuroi.shizuoka.jp
3736,funabashi.chiba.jp
3737,futuremailing.at
3738,g.se
3739,gmo
3740,godaddy
3741,groks-this.info
3742,gs.nl.no
3743,gucci
3744,hadano.kanagawa.jp
3745,haga.tochigi.jp
3746,hashikami.aomori.jp
3747,heguri.nara.jp
3748,here-for-more.info
3749,higashihiroshima.hiroshima.jp
3750,himeji.hyogo.jp
3751,hino.tokyo.jp
3752,hyundai
3753,icbc
3754,imabari.ehime.jp
3755,intel
3756,is-a-photographer.com
3757,is-a-soxfan.org
3758,is-a-techie.com
3759,is-an-actress.com
3760,is-into-cars.com
3761,is-with-theband.com
3762,ishigaki.okinawa.jp
3763,izu.shizuoka.jp
3764,kahoku.ishikawa.jp
3765,katashina.gunma.jp
3766,kppsp.gov.pl
3767,kumamoto.kumamoto.jp
3768,kurashiki.okayama.jp
3769,lacaixa
3770,landrover
3771,lanxess
3772,lib.mt.us
3773,lib.nm.us
3774,lib.wy.us
3775,locus
3776,loft
3777,london.museum
3778,maebashi.gunma.jp
3779,matsusaka.mie.jp
3780,meldal.no
3781,merseine.nu
3782,miasta.pl
3783,mil.qa
3784,minamiawaji.hyogo.jp
3785,mitane.akita.jp
3786,mitsuke.niigata.jp
3787,miyazaki.miyazaki.jp
3788,morioka.iwate.jp
3789,myshopblocks.com
3790,nakasatsunai.hokkaido.jp
3791,nalchik.ru
3792,nantan.kyoto.jp
3793,ne.tz
3794,net.ac
3795,net.je
3796,net.ml
3797,net.pr
3798,net.sc
3799,nissay
3800,nl.no
3801,noda.chiba.jp
3802,olbia-tempio.it
3803,org.kg
3804,org.ms
3805,org.sl
3806,p.se
3807,pars
3808,pimienta.org
3809,pup.gov.pl
3810,pvt.k12.ma.us
3811,qld.au
3812,red.sv
3813,reggioemilia.it
3814,rzgw.gov.pl
3815,sanjo.niigata.jp
3816,select
3817,semboku.akita.jp
3818,sf.no
3819,shibuya.tokyo.jp
3820,shop.ro
3821,sld.do
3822,space.museum
3823,square7.net
3824,st.no
3825,stavanger.no
3826,tatamotors
3827,togane.chiba.jp
3828,tokashiki.okinawa.jp
3829,toyama.toyama.jp
3830,toyosato.shiga.jp
3831,tunk.org
3832,ueda.nagano.jp
3833,veterinaire.fr
3834,w.se
3835,witd.gov.pl
3836,wsa.gov.pl
3837,xn--4gbrim
3838,xn--czru2d
3839,xn--fzc2c9e2c
3840,xn--xkc2al3hye2a
3841,yabu.hyogo.jp
3842,yamatotakada.nara.jp
3843,yanagawa.fukuoka.jp
3844,zushi.kanagawa.jp
3845,2000.hu
3846,achi.nagano.jp
3847,adygeya.su
3848,agano.niigata.jp
3849,ah.no
3850,airforce
3851,alipay
3852,alto-adige.it
3853,amagasaki.hyogo.jp
3854,analytics
3855,anpachi.gifu.jp
3856,anthropology.museum
3857,aomori.aomori.jp
3858,arendal.no
3859,asahi.chiba.jp
3860,aso.kumamoto.jp
3861,balashov.su
3862,banamex
3863,baseball
3864,bashkiria.su
3865,biratori.hokkaido.jp
3866,bjugn.no
3867,boots
3868,bv.nl
3869,cbg.ru
3870,cbre
3871,cc.id.us
3872,cc.pa.us
3873,cc.ri.us
3874,chanel
3875,chuo.tokyo.jp
3876,citadel
3877,cloudns.biz
3878,cloudns.info
3879,cloudns.us
3880,clubmed
3881,cng.br
3882,co.tj
3883,com.gp
3884,com.mw
3885,com.pf
3886,com.vi
3887,coupon
3888,creditunion
3889,daito.osaka.jp
3890,defense.tn
3891,dnsupdater.de
3892,drud.io
3893,dynamic-dns.info
3894,edeka
3895,edu.gl
3896,edu.ms
3897,est-mon-blogueur.com
3898,exnet.su
3899,f.se
3900,fie.ee
3901,firestone
3902,flir
3903,foodnetwork
3904,from-ri.com
3905,from-wv.com
3906,froya.no
3907,fuchu.tokyo.jp
3908,fukui.fukui.jp
3909,furukawa.miyagi.jp
3910,fusa.no
3911,ginoza.okinawa.jp
3912,giving
3913,gjovik.no
3914,gobo.wakayama.jp
3915,goodyear
3916,goto.nagasaki.jp
3917,gouv.km
3918,gov.km
3919,gov.sx
3920,gran.no
3921,groks-the.info
3922,gs.ah.no
3923,gujo.gifu.jp
3924,hakuba.nagano.jp
3925,hida.gifu.jp
3926,higashiomi.shiga.jp
3927,hikone.shiga.jp
3928,hirakata.osaka.jp
3929,hitachi.ibaraki.jp
3930,hitachinaka.ibaraki.jp
3931,horten.no
3932,hyatt
3933,ichikawa.hyogo.jp
3934,ikeda.gifu.jp
3935,imdb
3936,in-the-band.net
3937,inabe.mie.jp
3938,ind.tn
3939,info.co
3940,info.sd
3941,ingatlan.hu
3942,int.eu.org
3943,is-a-bookkeeper.com
3944,is-a-caterer.com
3945,is-a-celticsfan.org
3946,is-a-cubicle-slave.com
3947,is-a-knight.org
3948,is-a-liberal.com
3949,is-a-libertarian.com
3950,is-a-linux-user.org
3951,is-a-painter.com
3952,is-an-artist.com
3953,is-an-entertainer.com
3954,isa-hockeynut.com
3955,isa.kagoshima.jp
3956,isa.us
3957,isahaya.nagasaki.jp
3958,itabashi.tokyo.jp
3959,iwamizawa.hokkaido.jp
3960,iwata.shizuoka.jp
3961,izumozaki.niigata.jp
3962,jaguar
3963,jan-mayen.no
3964,k.se
3965,kaluga.su
3966,kamagaya.chiba.jp
3967,kami.miyagi.jp
3968,kamisunagawa.hokkaido.jp
3969,kamo.niigata.jp
3970,kanazawa.ishikawa.jp
3971,kanmaki.nara.jp
3972,kasugai.aichi.jp
3973,katano.osaka.jp
3974,katsuyama.fukui.jp
3975,kerryhotels
3976,kisarazu.chiba.jp
3977,kita.tokyo.jp
3978,knightpoint.systems
3979,komae.tokyo.jp
3980,komono.mie.jp
3981,konan.shiga.jp
3982,kristiansund.no
3983,kure.hiroshima.jp
3984,kurume.fukuoka.jp
3985,kyonan.chiba.jp
3986,ladbrokes
3987,larvik.no
3988,latino
3989,lexus
3990,lib.nd.us
3991,lib.tn.us
3992,lillehammer.no
3993,lilly
3994,lipsy
3995,lorenskog.no
3996,lundbeck
3997,lunner.no
3998,luxe
3999,maif
4000,maizuru.kyoto.jp
4001,makeup
4002,maniwa.okayama.jp
4003,matsuda.kanagawa.jp
4004,matsudo.chiba.jp
4005,matsue.shimane.jp
4006,mcdonalds
4007,mein-vigor.de
4008,mihara.hiroshima.jp
4009,mil.py
4010,mil.tw
4011,mil.zm
4012,milan.it
4013,minamiashigara.kanagawa.jp
4014,mitaka.tokyo.jp
4015,miyako.iwate.jp
4016,miyakonojo.miyazaki.jp
4017,miyazu.kyoto.jp
4018,mobily
4019,motegi.tochigi.jp
4020,motorcycles
4021,musashino.tokyo.jp
4022,mutsuzawa.chiba.jp
4023,mymailer.com.tw
4024,mysecuritycamera.org
4025,nabari.mie.jp
4026,name.qa
4027,nanyo.yamagata.jp
4028,net.cm
4029,net.gg
4030,net.ky
4031,nextdirect
4032,niiza.saitama.jp
4033,ninomiya.kanagawa.jp
4034,nirasaki.yamanashi.jp
4035,nom.pe
4036,nom.ro
4037,noshiro.akita.jp
4038,notodden.no
4039,numazu.shizuoka.jp
4040,obihiro.hokkaido.jp
4041,ofunato.iwate.jp
4042,ogawa.saitama.jp
4043,oji.nara.jp
4044,okuma.fukushima.jp
4045,ol.no
4046,ono.hyogo.jp
4047,org.iq
4048,org.ki
4049,org.ml
4050,org.so
4051,oshino.yamanashi.jp
4052,otsu.shiga.jp
4053,otsuchi.iwate.jp
4054,otsuki.kochi.jp
4055,pmn.it
4056,presse.ml
4057,psp.gov.pl
4058,publ.pt
4059,rexroth
4060,ringerike.no
4061,rome.it
4062,s.se
4063,sa.au
4064,sado.niigata.jp
4065,safety
4066,saga.jp
4067,saijo.ehime.jp
4068,sapo
4069,sayama.saitama.jp
4070,school.na
4071,scor
4072,sells-for-less.com
4073,sellsyourhome.org
4074,settsu.osaka.jp
4075,shangrila
4076,shibata.niigata.jp
4077,si.eu.org
4078,sochi.su
4079,softbank
4080,sohu
4081,soo.kagoshima.jp
4082,sumida.tokyo.jp
4083,suzuki
4084,synology-ds.de
4085,tagawa.fukuoka.jp
4086,taifun-dns.de
4087,takatsuki.osaka.jp
4088,tamaki.mie.jp
4089,tashkent.su
4090,tatsuno.nagano.jp
4091,tiffany
4092,tm.se
4093,toba.mie.jp
4094,tobetsu.hokkaido.jp
4095,toda.saitama.jp
4096,tokai.aichi.jp
4097,tokamachi.niigata.jp
4098,tokushima.tokushima.jp
4099,tonosho.kagawa.jp
4100,toshima.tokyo.jp
4101,toyohashi.aichi.jp
4102,toyonaka.osaka.jp
4103,tozsde.hu
4104,trysil.no
4105,tsu.mie.jp
4106,tsugaru.aomori.jp
4107,ube.yamaguchi.jp
4108,uk.eu.org
4109,unusualperson.com
4110,uozu.toyama.jp
4111,uryu.hokkaido.jp
4112,volvo
4113,voto
4114,wakkanai.hokkaido.jp
4115,warabi.saitama.jp
4116,warman
4117,weibo
4118,winners
4119,x.se
4120,xn--3bst00m
4121,xn--55qx5d.hk
4122,xn--5su34j936bgsg
4123,xn--c1avg.xn--90a3ac
4124,xn--lgbbat1ad8j
4125,xn--mgba3a4f16a
4126,xn--mgbab2bd
4127,xn--pgbs0dh
4128,xn--w4r85el8fhu5dnra
4129,xn--wgbl6a
4130,xn--zfr164b
4131,xperia
4132,yamagata.nagano.jp
4133,yokoshibahikari.chiba.jp
4134,yomitan.okinawa.jp
4135,yoshikawa.saitama.jp
4136,yufu.oita.jp
4137,zappos
4138,zp.gov.pl
4139,1.bg
4140,a.bg
4141,aa.no
4142,abashiri.hokkaido.jp
4143,abeno.osaka.jp
4144,able
4145,abudhabi
4146,act.au
4147,adachi.tokyo.jp
4148,adygeya.ru
4149,aetna
4150,afamilycompany
4151,agematsu.nagano.jp
4152,agrar.hu
4153,aisho.shiga.jp
4154,akiruno.tokyo.jp
4155,aktyubinsk.su
4156,akune.kagoshima.jp
4157,al.eu.org
4158,alfaromeo
4159,am.leg.br
4160,ama.aichi.jp
4161,amica
4162,aquarelle
4163,arkhangelsk.su
4164,art.dz
4165,arts.co
4166,asago.hyogo.jp
4167,asahi.mie.jp
4168,ashgabad.su
4169,ashikaga.tochigi.jp
4170,askvoll.no
4171,assisi.museum
4172,asso.eu.org
4173,asso.gp
4174,athleta
4175,au.eu.org
4176,author
4177,aviation.museum
4178,bandai.fukushima.jp
4179,bando.ibaraki.jp
4180,barrell-of-knowledge.info
4181,bas.it
4182,basketball
4183,bato.tochigi.jp
4184,be.eu.org
4185,beats
4186,bern.museum
4187,bharti
4188,biei.hokkaido.jp
4189,blogspot.td
4190,boats
4191,bofa
4192,bryne.no
4193,budapest
4194,bugatti
4195,bukhara.su
4196,bygland.no
4197,cartier
4198,childrens.museum
4199,chirurgiens-dentistes-en-france.fr
4200,chiyoda.tokyo.jp
4201,chungbuk.kr
4202,chuo.chiba.jp
4203,clinique
4204,cloudns.in
4205,co.ag
4206,co.gl
4207,co.lc
4208,coastaldefence.museum
4209,com.aw
4210,com.bi
4211,com.is
4212,commbank
4213,cruise
4214,cryptonomic.net
4215,cyon.site
4216,daisen.akita.jp
4217,database.museum
4218,date.fukushima.jp
4219,date.hokkaido.jp
4220,de.eu.org
4221,dish
4222,dyn-ip24.de
4223,dyn.ddnss.de
4224,ebina.kanagawa.jp
4225,echizen.fukui.jp
4226,ed.ci
4227,edu.ac
4228,edu.eu.org
4229,edu.it
4230,edu.ki
4231,edu.km
4232,edu.mw
4233,edu.vu
4234,elasticbeanstalk.cn-north-1.amazonaws.com.cn
4235,esurance
4236,eu.meteorapp.com
4237,exit
4238,fam.pk
4239,fi.eu.org
4240,fm.no
4241,fnd.br
4242,forgot.her.name
4243,forli-cesena.it
4244,forlicesena.it
4245,friuliveneziagiulia.it
4246,frogans
4247,from-ak.com
4248,from-ma.com
4249,fuefuki.yamanashi.jp
4250,fujimi.saitama.jp
4251,furano.hokkaido.jp
4252,futaba.fukushima.jp
4253,fyresdal.no
4254,g.bg
4255,gamagori.aichi.jp
4256,games.hu
4257,georgia.su
4258,giessen.museum
4259,gifu.gifu.jp
4260,gjesdal.no
4261,glade
4262,go.pw
4263,gok.pk
4264,gov.pn
4265,gs.mr.no
4266,gs.nt.no
4267,gs.ol.no
4268,gs.sf.no
4269,gs.st.no
4270,gyeongnam.kr
4271,h.se
4272,ha.no
4273,hachijo.tokyo.jp
4274,hachirogata.akita.jp
4275,hagi.yamaguchi.jp
4276,haibara.shizuoka.jp
4277,hakodate.hokkaido.jp
4278,hammerfest.no
4279,hamura.tokyo.jp
4280,hanamaki.iwate.jp
4281,hangout
4282,hashbang.sh
4283,haugesund.no
4284,hemne.no
4285,hgtv
4286,higashichichibu.saitama.jp
4287,higashiizu.shizuoka.jp
4288,higashimurayama.tokyo.jp
4289,higashiosaka.osaka.jp
4290,higashishirakawa.gifu.jp
4291,hiji.oita.jp
4292,hirono.fukushima.jp
4293,hk.org
4294,hofu.yamaguchi.jp
4295,hokuto.hokkaido.jp
4296,home-webserver.de
4297,homesecuritymac.com
4298,honbetsu.hokkaido.jp
4299,hotel.tz
4300,ibaraki.osaka.jp
4301,ichikawa.chiba.jp
4302,ichikawamisato.yamanashi.jp
4303,ichinomiya.aichi.jp
4304,iide.yamagata.jp
4305,iitate.fukushima.jp
4306,ikawa.akita.jp
4307,il.eu.org
4308,in.na
4309,in.ni
4310,info.na
4311,info.tt
4312,info.tz
4313,int.co
4314,int.tt
4315,iruma.saitama.jp
4316,is-a-blogger.com
4317,is-a-bruinsfan.org
4318,is-a-bulls-fan.com
4319,is-a-candidate.org
4320,is-a-democrat.com
4321,is-a-llama.com
4322,is-a-musician.com
4323,is-a-nascarfan.com
4324,is-a-republican.com
4325,is-a-socialist.com
4326,is-a-student.com
4327,is-a-therapist.com
4328,is-an-anarchist.com
4329,is-into-anime.com
4330,is-into-cartoons.com
4331,ise.mie.jp
4332,isehara.kanagawa.jp
4333,itayanagi.aomori.jp
4334,ito.shizuoka.jp
4335,its.me
4336,iwanai.hokkaido.jp
4337,izena.okinawa.jp
4338,izumi.kagoshima.jp
4339,izumi.osaka.jp
4340,jamison.museum
4341,jeonbuk.kr
4342,joyo.kyoto.jp
4343,jprs
4344,k12.vi.us
4345,kadena.okinawa.jp
4346,kaisei.kanagawa.jp
4347,kaizuka.osaka.jp
4348,kakegawa.shizuoka.jp
4349,kamiichi.toyama.jp
4350,kamikawa.hokkaido.jp
4351,kani.gifu.jp
4352,karelia.su
4353,kasamatsu.gifu.jp
4354,kashiwara.osaka.jp
4355,katsuragi.nara.jp
4356,katsuragi.wakayama.jp
4357,kawaba.gunma.jp
4358,kawai.nara.jp
4359,kawanehon.shizuoka.jp
4360,kawanishi.hyogo.jp
4361,kawara.fukuoka.jp
4362,kembuchi.hokkaido.jp
4363,kerrylogistics
4364,kindle
4365,kishiwada.osaka.jp
4366,kitaaiki.nagano.jp
4367,kitagata.gifu.jp
4368,kitahiroshima.hokkaido.jp
4369,kitakata.fukushima.jp
4370,kitakyushu.jp
4371,kiyokawa.kanagawa.jp
4372,kmpsp.gov.pl
4373,kochi.kochi.jp
4374,koganei.tokyo.jp
4375,kokubunji.tokyo.jp
4376,komatsu.ishikawa.jp
4377,kommunalforbund.se
4378,kongsberg.no
4379,kosai.shizuoka.jp
4380,kosaka.akita.jp
4381,kosher
4382,koshu.yamanashi.jp
4383,kota.aichi.jp
4384,kotoura.tottori.jp
4385,kounosu.saitama.jp
4386,koya.wakayama.jp
4387,krasnodar.su
4388,kuji.iwate.jp
4389,kumano.hiroshima.jp
4390,kumejima.okinawa.jp
4391,kunimi.fukushima.jp
4392,kunitachi.tokyo.jp
4393,kurobe.toyama.jp
4394,kuroishi.aomori.jp
4395,kustanai.ru
4396,kutchan.hokkaido.jp
4397,kv.ua
4398,kvinesdal.no
4399,kwp.gov.pl
4400,l-o-g-i-n.de
4401,l.se
4402,la-spezia.it
4403,lanbib.se
4404,land-4-sale.us
4405,lenvik.no
4406,liaison
4407,lib.id.us
4408,lib.sd.us
4409,lifestyle
4410,locker
4411,lund.no
4412,lupin
4413,lyngdal.no
4414,manno.kagawa.jp
4415,marshalls
4416,massa-carrara.it
4417,me.tz
4418,med.ly
4419,med.om
4420,media.hu
4421,meiwa.mie.jp
4422,mihama.fukui.jp
4423,mil.iq
4424,mil.km
4425,minami-alps.yamanashi.jp
4426,minami.kyoto.jp
4427,minami.tokushima.jp
4428,minamiboso.chiba.jp
4429,minamifurano.hokkaido.jp
4430,minamiizu.shizuoka.jp
4431,mino.gifu.jp
4432,minokamo.gifu.jp
4433,misaki.okayama.jp
4434,misaki.osaka.jp
4435,misato.miyagi.jp
4436,mishima.shizuoka.jp
4437,mitake.gifu.jp
4438,mitsubishi
4439,miura.kanagawa.jp
4440,miyada.nagano.jp
4441,miyoshi.hiroshima.jp
4442,mobi.ng
4443,moonscale.net
4444,moriguchi.osaka.jp
4445,moriyama.shiga.jp
4446,motobu.okinawa.jp
4447,mup.gov.pl
4448,muroto.kochi.jp
4449,musashimurayama.tokyo.jp
4450,mutual
4451,mycd.eu
4452,mypep.link
4453,naganohara.gunma.jp
4454,nago.okinawa.jp
4455,nakanojo.gunma.jp
4456,name.eg
4457,name.mk
4458,namsos.no
4459,nanjo.okinawa.jp
4460,nanmoku.gunma.jp
4461,naples.it
4462,nara.nara.jp
4463,narita.chiba.jp
4464,naturbruksgymn.se
4465,nemuro.hokkaido.jp
4466,nesodden.no
4467,net.im
4468,net.iq
4469,net.lc
4470,net.lk
4471,net.mz
4472,net.sd
4473,net.st
4474,net.to
4475,net.vc
4476,net.vi
4477,net.zm
4478,newjersey.museum
4479,news.hu
4480,nichinan.miyazaki.jp
4481,nikaho.akita.jp
4482,nishio.aichi.jp
4483,nissedal.no
4484,nord-fron.no
4485,nordkapp.no
4486,nov.su
4487,nowtv
4488,numata.gunma.jp
4489,obu.aichi.jp
4490,odate.akita.jp
4491,odesa.ua
4492,oga.akita.jp
4493,ogasawara.tokyo.jp
4494,ohi.fukui.jp
4495,oirase.aomori.jp
4496,oiso.kanagawa.jp
4497,ojiya.niigata.jp
4498,okinawa.okinawa.jp
4499,olbiatempio.it
4500,oldnavy
4501,ome.tokyo.jp
4502,omihachiman.shiga.jp
4503,onyourside
4504,ora.gunma.jp
4505,org.ag
4506,org.bi
4507,org.kp
4508,org.tm
4509,org.to
4510,origins
4511,os.hedmark.no
4512,osakasayama.osaka.jp
4513,ota.gunma.jp
4514,otake.hiroshima.jp
4515,otari.nagano.jp
4516,otaru.hokkaido.jp
4517,otofuke.hokkaido.jp
4518,otsuka
4519,otsuki.yamanashi.jp
4520,oygarden.no
4521,ozu.ehime.jp
4522,pa.gov.pl
4523,parliament.cy
4524,piedmont.it
4525,pippu.hokkaido.jp
4526,platformsh.site
4527,pohl
4528,politie
4529,press.se
4530,prudential
4531,pug.it
4532,pyatigorsk.ru
4533,raid
4534,rightathome
4535,ringsaker.no
4536,roma.museum
4537,roros.no
4538,rugby
4539,ryuoh.shiga.jp
4540,sakae.chiba.jp
4541,sakura.chiba.jp
4542,sakurai.nara.jp
4543,samsclub
4544,samukawa.kanagawa.jp
4545,sanda.hyogo.jp
4546,sandefjord.no
4547,sango.nara.jp
4548,sanuki.kagawa.jp
4549,saotome.st
4550,sardinia.it
4551,schaeffler
4552,sciencecenter.museum
4553,scjohnson
4554,selje.no
4555,sera.hiroshima.jp
4556,setouchi.okayama.jp
4557,shibata.miyagi.jp
4558,shichikashuku.miyagi.jp
4559,shiiba.miyazaki.jp
4560,shikama.miyagi.jp
4561,shikokuchuo.ehime.jp
4562,shimada.shizuoka.jp
4563,shimoda.shizuoka.jp
4564,shimogo.fukushima.jp
4565,shimokawa.hokkaido.jp
4566,shimonoseki.yamaguchi.jp
4567,shimosuwa.nagano.jp
4568,shingu.fukuoka.jp
4569,shingu.hyogo.jp
4570,shinjuku.tokyo.jp
4571,shinshiro.aichi.jp
4572,shiraoi.hokkaido.jp
4573,shiriuchi.hokkaido.jp
4574,shiroi.chiba.jp
4575,shobara.hiroshima.jp
4576,sigdal.no
4577,silk
4578,sirdal.no
4579,sk.eu.org
4580,skedsmo.no
4581,ski.no
4582,sko.gov.pl
4583,slg.br
4584,sling
4585,soja.okayama.jp
4586,soma.fukushima.jp
4587,soni.nara.jp
4588,spreadbetting
4589,starostwo.gov.pl
4590,statefarm
4591,static-access.net
4592,statoil
4593,stcgroup
4594,stockholm
4595,stord.no
4596,store.dk
4597,stryn.no
4598,stuff-4-sale.us
4599,suita.osaka.jp
4600,sukagawa.fukushima.jp
4601,sumita.iwate.jp
4602,susaki.kochi.jp
4603,susono.shizuoka.jp
4604,suzaka.nagano.jp
4605,suzuka.mie.jp
4606,svalbard.no
4607,syno-ds.de
4608,tajimi.gifu.jp
4609,takahashi.okayama.jp
4610,takamori.nagano.jp
4611,takarazuka.hyogo.jp
4612,takasaki.gunma.jp
4613,taki.mie.jp
4614,tatebayashi.gunma.jp
4615,telecity
4616,tjmaxx
4617,tmall
4618,tokoname.aichi.jp
4619,tomakomai.hokkaido.jp
4620,tomi.nagano.jp
4621,tomigusuku.okinawa.jp
4622,tone.ibaraki.jp
4623,toon.ehime.jp
4624,toray
4625,toride.ibaraki.jp
4626,tourism.pl
4627,tourism.tn
4628,toyako.hokkaido.jp
4629,toyono.osaka.jp
4630,travelers
4631,tsukuba.ibaraki.jp
4632,uji.kyoto.jp
4633,university.museum
4634,uonuma.niigata.jp
4635,upow.gov.pl
4636,us.gov.pl
4637,usa.museum
4638,usuki.oita.jp
4639,va.no
4640,verisign
4641,vestnes.no
4642,vi.us
4643,vibovalentia.it
4644,virtual.museum
4645,wakayama.wakayama.jp
4646,washingtondc.museum
4647,watarai.mie.jp
4648,watches
4649,weatherchannel
4650,web.tj
4651,wif.gov.pl
4652,wiih.gov.pl
4653,winb.gov.pl
4654,xn--12co0c3b4eva.xn--o3cw4h
4655,xn--42c2d9a
4656,xn--55qw42g
4657,xn--55qx5d.cn
4658,xn--5tzm5g
4659,xn--9dbq2a
4660,xn--cck2b3b
4661,xn--czrs0t
4662,xn--d1at.xn--90a3ac
4663,xn--e1a4c
4664,xn--eckvdtc9d
4665,xn--fhbei
4666,xn--fjq720a
4667,xn--kprw13d
4668,xn--mgbt3dhd
4669,xn--nqv7f
4670,xn--unup4y
4671,xn--vhquv
4672,xn--wcvs22d.hk
4673,xn--wgbh1c
4674,xn--xhq521b
4675,yahiko.niigata.jp
4676,yaita.tochigi.jp
4677,yaizu.shizuoka.jp
4678,yamamoto.miyagi.jp
4679,yasuda.kochi.jp
4680,yawatahama.ehime.jp
4681,yazu.tottori.jp
4682,yonabaru.okinawa.jp
4683,yonezawa.yamagata.jp
4684,yoro.gifu.jp
4685,yoshimi.saitama.jp
4686,yoshinogari.saga.jp
4687,yusuhara.kochi.jp
4688,zama.kanagawa.jp
4689,zao.miyagi.jp
4690,zippo
